,Date,Open,High,Low,Price,Volume
0,2015-11-03,1230.0,1232.65,1215.0,1220.8,56366
1,2015-11-04,1225.0,1235.75,1215.15,1219.9,48336
2,2015-11-05,1219.0,1224.0,1203.95,1208.15,273241
3,2015-11-06,1212.0,1223.75,1202.5,1205.84,52184
4,2015-11-09,1192.9,1203.0,1177.3,1190.8,105183
5,2015-11-10,1195.0,1195.0,1171.34,1174.45,93589
6,2015-11-11,1184.0,1184.0,1174.8,1178.0,26728
7,2015-11-13,1178.0,1180.0,1159.0,1178.5,63233
8,2015-11-16,1177.0,1189.5,1158.25,1178.84,92610
9,2015-11-17,1189.05,1203.34,1184.15,1200.3,165005
10,2015-11-18,1200.0,1202.7,1175.95,1179.7,371025
11,2015-11-19,1186.34,1214.9,1184.45,1212.55,56862
12,2015-11-20,1216.0,1221.3,1198.0,1203.95,52393
13,2015-11-23,1219.0,1219.0,1187.25,1193.8,154654
14,2015-11-24,1191.0,1223.7,1189.8,1218.7,66297
15,2015-11-26,1220.0,1231.05,1216.15,1222.5,44161
16,2015-11-27,1222.65,1239.9,1218.09,1230.09,38006
17,2015-11-30,1224.4,1229.8,1205.3,1217.2,81623
18,2015-12-01,1226.0,1228.0,1213.55,1225.3,43891
19,2015-12-02,1225.0,1233.0,1205.25,1211.15,37291
20,2015-12-03,1226.0,1226.0,1199.09,1201.0,34886
21,2015-12-04,1200.0,1200.0,1170.55,1171.95,306199
22,2015-12-07,1176.0,1188.0,1175.34,1186.0,64097
23,2015-12-08,1185.0,1185.0,1170.0,1171.45,77620
24,2015-12-09,1170.0,1170.45,1151.05,1154.59,277363
25,2015-12-10,1160.0,1184.0,1154.59,1181.09,50990
26,2015-12-11,1181.0,1186.3,1162.0,1174.5,127849
27,2015-12-14,1156.0,1194.0,1156.0,1187.65,50301
28,2015-12-15,1185.15,1209.5,1180.0,1206.75,80682
29,2015-12-16,1216.5,1222.65,1209.55,1219.09,114688
30,2015-12-17,1204.0,1244.05,1204.0,1241.9,133326
31,2015-12-18,1245.0,1252.25,1222.0,1224.84,63658
32,2015-12-21,1227.0,1239.5,1220.0,1230.95,32808
33,2015-12-22,1232.34,1237.05,1204.34,1226.0,93129
34,2015-12-23,1236.0,1241.0,1229.0,1237.2,27682
35,2015-12-24,1243.7,1243.8,1226.15,1229.95,14861
36,2015-12-28,1230.9,1231.2,1221.0,1225.3,25966
37,2015-12-29,1237.95,1239.0,1225.8,1233.75,258372
38,2015-12-30,1242.0,1244.34,1229.8,1233.2,71269
39,2015-12-31,1237.09,1270.7,1236.7,1262.65,242669
40,2016-01-01,1266.9,1266.9,1251.0,1257.3,32675
41,2016-01-04,1253.8,1253.8,1212.0,1216.34,48499
42,2016-01-05,1237.0,1237.0,1205.55,1209.09,38479
43,2016-01-06,1210.0,1220.65,1202.5,1208.45,33953
44,2016-01-07,1200.0,1203.65,1175.0,1179.8,66613
45,2016-01-08,1185.0,1210.0,1169.9,1175.2,117668
46,2016-01-11,1165.0,1171.0,1151.0,1162.75,57620
47,2016-01-12,1176.0,1176.0,1145.59,1154.09,85325
48,2016-01-13,1160.0,1172.45,1145.15,1167.2,124624
49,2016-01-14,1160.0,1167.0,1147.05,1159.4,178570
50,2016-01-15,1166.0,1166.5,1143.0,1148.84,117161
51,2016-01-18,1154.0,1155.15,1125.05,1133.84,105921
52,2016-01-19,1130.0,1157.75,1130.0,1152.59,159440
53,2016-01-20,1141.0,1144.34,1129.65,1135.2,226756
54,2016-01-21,1140.09,1145.65,1122.3,1134.4,73417
55,2016-01-22,1140.0,1161.0,1135.4,1157.84,59126
56,2016-01-25,1161.0,1183.5,1156.0,1174.09,85697
57,2016-01-27,1182.0,1186.0,1160.0,1167.7,61224
58,2016-01-28,1153.0,1158.09,1136.9,1148.2,127127
59,2016-01-29,1148.0,1187.59,1145.59,1177.59,60231
60,2016-02-01,1195.0,1195.0,1170.0,1179.5,43476
61,2016-02-02,1180.0,1192.84,1166.5,1177.34,64477
62,2016-02-03,1173.0,1180.8,1159.0,1160.8,79496
63,2016-02-04,1165.9,1176.59,1164.5,1170.0,206204
64,2016-02-05,1162.0,1187.34,1162.0,1183.7,58641
65,2016-02-08,1177.09,1183.84,1156.75,1161.75,43926
66,2016-02-09,1157.5,1168.34,1140.7,1159.8,78492
67,2016-02-10,1160.0,1160.0,1111.55,1116.8,57072
68,2016-02-11,1116.8,1116.8,1060.15,1067.95,94375
69,2016-02-12,1074.0,1096.9,1069.25,1083.65,342939
70,2016-02-15,1095.0,1102.0,1076.2,1081.09,206591
71,2016-02-16,1085.0,1087.0,1064.15,1077.09,75129
72,2016-02-17,1078.0,1085.0,1060.0,1076.7,55196
73,2016-02-18,1084.45,1084.45,1063.5,1070.05,47837
74,2016-02-19,1069.0,1069.0,1046.0,1060.75,64662
75,2016-02-22,1060.75,1063.8,1049.0,1058.34,66060
76,2016-02-23,1060.0,1060.0,1040.0,1051.09,1976892
77,2016-02-24,1051.0,1051.0,1020.0,1022.95,258334
78,2016-02-25,1025.0,1049.95,1012.0,1041.9,267190
79,2016-02-26,1056.9,1058.8,1048.5,1054.7,449689
80,2016-02-29,1060.0,1078.0,1024.0,1061.55,205188
81,2016-03-01,1062.0,1071.75,1048.0,1068.75,75737
82,2016-03-02,1080.05,1106.9,1076.65,1100.25,91383
83,2016-03-03,1115.0,1134.8,1108.95,1123.59,98148
84,2016-03-04,1123.55,1136.0,1105.0,1128.5,67632
85,2016-03-08,1127.8,1149.0,1120.0,1146.05,524688
86,2016-03-09,1147.0,1147.0,1107.3,1131.05,88237
87,2016-03-10,1132.5,1156.0,1122.5,1152.59,133927
88,2016-03-11,1159.95,1166.95,1147.0,1158.75,58053
89,2016-03-14,1160.0,1174.0,1147.45,1156.05,42189
90,2016-03-15,1149.0,1149.0,1109.0,1114.09,224302
91,2016-03-16,1107.0,1129.5,1096.15,1125.95,153936
92,2016-03-17,1133.0,1151.15,1104.4,1109.7,212008
93,2016-03-18,1114.7,1132.5,1104.55,1127.65,386250
94,2016-03-21,1131.0,1156.1,1129.55,1152.05,153569
95,2016-03-22,1145.0,1174.0,1136.5,1172.4,83851
96,2016-03-23,1160.8,1167.75,1143.75,1163.1,73561
97,2016-03-28,1163.0,1167.45,1139.0,1140.8,248020
98,2016-03-29,1133.4,1142.35,1123.35,1127.7,210903
99,2016-03-30,1130.1,1130.1,1111.2,1115.55,317661
100,2016-03-31,1113.0,1117.4,1098.0,1105.55,400695
101,2016-04-01,1101.4,1117.0,1093.3,1111.55,404846
102,2016-04-04,1115.9,1121.8,1098.0,1104.15,209941
103,2016-04-05,1105.0,1110.95,1088.0,1099.0,306703
104,2016-04-06,1110.0,1110.0,1092.1,1101.1,273691
105,2016-04-07,1110.0,1110.0,1067.0,1072.65,533053
106,2016-04-08,1072.65,1083.0,1070.45,1079.05,82174
107,2016-04-11,1085.0,1087.15,1060.5,1079.65,164073
108,2016-04-12,1085.0,1091.7,1076.1,1087.0,84478
109,2016-04-13,1098.0,1116.5,1097.0,1113.2,105943
110,2016-04-18,1125.0,1136.55,1093.7,1127.3,389633
111,2016-04-20,1146.95,1158.5,1134.7,1138.4,103804
112,2016-04-21,1146.35,1156.8,1140.8,1148.7,97027
113,2016-04-22,1152.0,1152.0,1122.0,1131.4,180636
114,2016-04-25,1130.0,1130.0,1107.0,1111.6,49728
115,2016-04-26,1107.0,1132.0,1103.9,1131.25,66676
116,2016-04-27,1123.0,1128.45,1114.5,1123.05,44195
117,2016-04-28,1122.0,1125.1,1083.0,1087.0,80303
118,2016-04-29,1084.0,1102.0,1075.6,1088.8,97312
119,2016-05-02,1096.0,1097.9,1079.05,1092.75,206820
120,2016-05-03,1100.0,1116.0,1096.0,1100.15,232837
121,2016-05-04,1099.5,1137.9,1099.0,1131.0,1142489
122,2016-05-05,1136.6,1175.5,1136.6,1163.85,175525
123,2016-05-06,1163.0,1173.0,1149.5,1167.6,73570
124,2016-05-09,1171.7,1206.95,1171.65,1204.0,149937
125,2016-05-10,1199.95,1220.0,1197.95,1218.5,79569
126,2016-05-11,1202.35,1220.55,1200.95,1203.65,52055
127,2016-05-12,1215.5,1216.0,1190.0,1195.35,56229
128,2016-05-13,1195.0,1203.35,1158.75,1166.05,76927
129,2016-05-16,1168.0,1191.05,1160.5,1187.3,577969
130,2016-05-17,1193.0,1228.8,1193.0,1216.25,113154
131,2016-05-18,1209.0,1213.0,1196.5,1213.0,60525
132,2016-05-19,1208.0,1208.0,1173.5,1176.7,58319
133,2016-05-20,1177.05,1193.0,1172.85,1180.1,36993
134,2016-05-23,1180.0,1182.75,1158.1,1158.1,159805
135,2016-05-24,1164.0,1177.8,1160.6,1176.0,54268
136,2016-05-25,1186.7,1212.0,1185.0,1206.95,178554
137,2016-05-26,1207.05,1233.7,1191.4,1227.5,97321
138,2016-05-27,1228.5,1266.5,1219.05,1257.3,185414
139,2016-05-30,1255.0,1258.9,1213.3,1230.2,95994
140,2016-05-31,1239.9,1249.0,1223.6,1246.5,51976
141,2016-06-01,1242.0,1247.0,1230.55,1241.5,33829
142,2016-06-02,1242.95,1263.0,1232.5,1260.55,40631
143,2016-06-03,1265.0,1267.5,1246.65,1252.0,51714
144,2016-06-06,1260.0,1265.0,1248.0,1251.7,54952
145,2016-06-07,1247.55,1258.95,1243.25,1250.45,52766
146,2016-06-08,1255.4,1267.0,1248.5,1256.0,50832
147,2016-06-09,1256.0,1257.8,1234.0,1238.4,41963
148,2016-06-10,1237.5,1251.75,1228.55,1231.45,115783
149,2016-06-13,1228.0,1228.0,1202.05,1211.3,1628270
150,2016-06-14,1212.0,1212.0,1190.0,1199.5,53809
151,2016-06-15,1205.5,1210.0,1190.5,1205.85,78234
152,2016-06-16,1198.0,1205.5,1183.0,1201.3,62099
153,2016-06-17,1218.0,1236.0,1211.5,1227.8,141369
154,2016-06-20,1211.55,1234.05,1207.9,1228.0,74184
155,2016-06-21,1232.0,1241.25,1220.65,1232.25,62557
156,2016-06-22,1232.2,1241.9,1225.05,1238.2,174373
157,2016-06-23,1233.3,1249.0,1229.05,1242.55,67502
158,2016-06-24,1212.6,1226.35,1200.05,1223.65,244731
159,2016-06-27,1218.0,1229.5,1211.0,1216.95,79014
160,2016-06-28,1212.0,1232.75,1212.0,1228.0,55471
161,2016-06-29,1232.05,1250.9,1231.5,1247.25,92743
162,2016-06-30,1260.0,1266.0,1243.75,1255.0,70472
163,2016-07-01,1253.0,1262.45,1239.7,1244.65,125354
164,2016-07-04,1250.8,1265.2,1247.5,1252.45,55885
165,2016-07-05,1256.0,1261.95,1247.3,1259.75,52919
166,2016-07-06,1150.0,1269.0,1140.0,1261.0,245
167,2016-07-07,1260.0,1294.35,1252.5,1290.95,111057
168,2016-07-08,1290.0,1300.45,1273.1,1283.9,116909
169,2016-07-11,1298.7,1317.9,1298.65,1313.0,95329
170,2016-07-12,1319.85,1336.0,1318.35,1332.75,64084
171,2016-07-13,1336.0,1337.9,1316.0,1328.6,55346
172,2016-07-14,1328.6,1339.0,1318.05,1336.25,148489
173,2016-07-15,1325.0,1364.5,1323.55,1360.25,190834
174,2016-07-18,1360.0,1385.55,1338.1,1345.2,983180
175,2016-07-19,1356.0,1356.0,1331.0,1338.4,137006
176,2016-07-20,1339.0,1345.1,1326.0,1334.95,61225
177,2016-07-21,1340.0,1344.75,1329.35,1332.0,76249
178,2016-07-22,1331.65,1358.5,1327.0,1357.0,175539
179,2016-07-25,1355.7,1384.8,1350.5,1380.0,132145
180,2016-07-26,1382.0,1382.0,1363.0,1367.6,33368
181,2016-07-27,1380.0,1398.0,1371.5,1387.8,158867
182,2016-07-28,1394.6,1409.85,1375.0,1401.25,139673
183,2016-07-29,1403.0,1406.95,1373.05,1374.35,150938
184,2016-08-01,1382.55,1396.85,1367.0,1374.5,166309
185,2016-08-02,1374.0,1374.0,1335.5,1341.95,64705
186,2016-08-03,1342.0,1342.0,1317.0,1325.25,91630
187,2016-08-04,1330.0,1331.7,1314.0,1321.35,152183
188,2016-08-05,1327.35,1350.0,1323.9,1340.45,880032
189,2016-08-08,1350.0,1370.5,1345.75,1363.3,67455
190,2016-08-09,1375.0,1375.0,1332.05,1342.0,166967
191,2016-08-10,1343.0,1349.0,1325.0,1339.95,63517
192,2016-08-11,1335.0,1352.7,1330.7,1348.75,88262
193,2016-08-12,1355.0,1381.0,1352.8,1378.6,86602
194,2016-08-16,1379.0,1383.65,1349.1,1359.8,93433
195,2016-08-17,1355.0,1371.75,1354.0,1365.4,28724
196,2016-08-18,1377.5,1377.5,1364.4,1370.5,48825
197,2016-08-19,1372.5,1375.0,1360.0,1369.65,70767
198,2016-08-22,1360.0,1380.8,1360.0,1377.75,36830
199,2016-08-23,1384.0,1384.0,1364.0,1376.05,920985
200,2016-08-24,1385.0,1387.7,1366.75,1384.25,297363
201,2016-08-25,1384.25,1389.5,1352.5,1357.6,59384
202,2016-08-26,1362.0,1370.85,1349.35,1366.95,69226
203,2016-08-29,1364.35,1379.5,1358.0,1375.1,52902
204,2016-08-30,1377.6,1410.0,1368.45,1392.3,80660
205,2016-08-31,1392.0,1413.75,1392.0,1406.15,71029
206,2016-09-01,1410.0,1427.4,1405.55,1421.9,66653
207,2016-09-02,1421.0,1441.6,1421.0,1438.0,618244
208,2016-09-06,1450.0,1461.85,1442.75,1454.9,117393
209,2016-09-07,1455.0,1463.25,1418.5,1427.7,52756
210,2016-09-08,1433.0,1443.2,1428.7,1435.25,32652
211,2016-09-09,1437.35,1437.35,1398.0,1410.85,95257
212,2016-09-12,1400.0,1401.25,1373.25,1394.65,66348
213,2016-09-14,1389.95,1397.9,1378.35,1390.5,248639
214,2016-09-15,1395.55,1414.0,1390.0,1409.1,65947
215,2016-09-16,1414.65,1416.35,1392.1,1400.35,323730
216,2016-09-19,1399.5,1401.95,1387.0,1394.1,134089
217,2016-09-20,1390.1,1397.95,1383.0,1397.95,26159
218,2016-09-21,1390.0,1406.0,1388.5,1396.95,252642
219,2016-09-22,1406.35,1418.0,1404.2,1416.0,71558
220,2016-09-23,1420.0,1427.15,1412.55,1421.15,159410
221,2016-09-26,1421.0,1421.0,1404.0,1415.7,443917
222,2016-09-27,1414.55,1422.5,1406.0,1420.45,30954
223,2016-09-28,1415.0,1432.0,1415.0,1422.95,34288
224,2016-09-29,1432.0,1432.45,1392.55,1400.1,70260
225,2016-09-30,1400.0,1400.0,1383.0,1393.05,27215
226,2016-10-03,1395.0,1428.9,1387.0,1423.0,66342
227,2016-10-04,1424.6,1433.9,1417.0,1426.3,31051
228,2016-10-05,1440.0,1440.0,1414.0,1420.8,22285
229,2016-10-06,1424.9,1433.0,1420.0,1423.8,29616
230,2016-10-07,1423.6,1423.6,1398.6,1408.0,106284
231,2016-10-10,1411.0,1411.0,1386.2,1392.05,23373
232,2016-10-13,1385.0,1385.0,1335.0,1338.45,87715
233,2016-10-14,1340.0,1354.0,1315.65,1319.2,53778
234,2016-10-17,1320.7,1320.75,1298.55,1304.85,498430
235,2016-10-18,1310.0,1354.0,1308.15,1351.8,357429
236,2016-10-19,1357.0,1359.3,1335.95,1343.5,157984
237,2016-10-20,1349.0,1367.0,1347.05,1359.05,50026
238,2016-10-21,1360.0,1360.0,1331.5,1336.5,65570
239,2016-10-24,1338.0,1365.0,1333.5,1351.65,50492
240,2016-10-25,1345.0,1349.7,1328.0,1339.8,31004
241,2016-10-26,1340.0,1344.0,1320.0,1335.95,89116
242,2016-10-27,1335.95,1384.65,1329.55,1370.2,164992
243,2016-10-28,1371.0,1390.0,1363.35,1388.1,48192
244,2016-10-30,1395.0,1398.0,1375.25,1375.25,13436
245,2016-11-01,1381.05,1431.1,1377.7,1412.0,230003
246,2016-11-02,1400.0,1409.0,1392.95,1403.9,108010
247,2016-11-03,1395.0,1411.55,1395.0,1400.8,35422
248,2016-11-04,1400.0,1405.0,1378.65,1381.0,33344
249,2016-11-07,1390.0,1400.0,1372.0,1379.45,49072
250,2016-11-08,1380.0,1392.55,1365.0,1388.75,201441
251,2016-11-09,1320.0,1364.2,1309.0,1349.1,890202
252,2016-11-10,1365.7,1365.7,1315.0,1318.4,227637
253,2016-11-11,1305.45,1307.0,1261.85,1271.5,507709
254,2016-11-15,1260.0,1260.0,1201.6,1226.2,1847613
255,2016-11-16,1230.2,1264.8,1223.2,1257.0,185068
256,2016-11-17,1256.0,1269.5,1238.5,1250.0,56590
257,2016-11-18,1251.0,1262.0,1244.0,1251.0,192077
258,2016-11-21,1252.0,1252.0,1215.0,1225.25,167191
259,2016-11-22,1225.0,1251.15,1225.0,1247.45,36331
260,2016-11-23,1250.0,1254.5,1206.0,1225.95,47781
261,2016-11-24,1226.0,1228.8,1213.5,1218.35,30127
262,2016-11-25,1230.0,1258.9,1210.55,1255.55,66185
263,2016-11-28,1240.0,1251.45,1234.1,1247.25,89352
264,2016-11-29,1245.0,1284.3,1244.0,1251.0,49281
265,2016-11-30,1259.0,1271.0,1238.95,1265.0,52986
266,2016-12-01,1268.0,1285.75,1261.0,1273.7,970464
267,2016-12-02,1259.2,1259.2,1235.65,1240.05,61055
268,2016-12-05,1240.05,1240.05,1185.0,1218.55,80394
269,2016-12-06,1220.2,1259.8,1220.2,1243.8,107253
270,2016-12-07,1244.05,1282.45,1244.05,1265.45,106837
271,2016-12-08,1275.0,1292.35,1272.9,1287.15,47592
272,2016-12-09,1287.0,1287.3,1260.5,1267.1,63299
273,2016-12-12,1262.75,1277.5,1255.75,1262.4,20632
274,2016-12-13,1261.55,1280.0,1251.2,1271.1,29207
275,2016-12-14,1272.3,1274.85,1258.0,1265.75,42643
276,2016-12-15,1259.0,1276.0,1256.0,1262.0,41727
277,2016-12-16,1265.6,1278.1,1265.6,1267.0,77321
278,2016-12-19,1265.0,1265.0,1245.0,1250.25,34495
279,2016-12-20,1248.0,1252.8,1229.8,1243.25,38519
280,2016-12-21,1244.85,1257.0,1232.4,1236.85,48749
281,2016-12-22,1235.5,1235.5,1214.0,1218.8,98562
282,2016-12-23,1218.0,1231.0,1208.95,1225.2,48719
283,2016-12-26,1221.55,1223.65,1207.0,1222.15,97232
284,2016-12-27,1225.0,1236.0,1212.95,1231.8,38495
285,2016-12-28,1238.05,1247.0,1225.25,1236.9,142302
286,2016-12-29,1238.2,1261.4,1230.25,1256.05,42773
287,2016-12-30,1260.65,1269.4,1249.35,1267.0,472417
288,2017-01-02,1275.0,1275.0,1214.15,1219.25,197843
289,2017-01-03,1219.25,1222.0,1201.0,1215.25,142770
290,2017-01-04,1215.0,1225.0,1197.55,1212.5,584243
291,2017-01-05,1215.9,1219.75,1205.85,1216.55,87122
292,2017-01-06,1216.55,1232.4,1216.55,1222.15,183981
293,2017-01-09,1225.0,1229.0,1214.0,1222.25,31657
294,2017-01-10,1229.75,1229.75,1213.2,1216.45,56620
295,2017-01-11,1228.0,1232.15,1221.75,1230.0,57705
296,2017-01-12,1234.5,1242.5,1217.0,1220.1,75488
297,2017-01-13,1235.0,1248.5,1222.75,1244.1,44493
298,2017-01-16,1245.0,1262.75,1243.0,1255.85,83040
299,2017-01-17,1257.15,1259.7,1235.5,1241.65,41156
300,2017-01-18,1250.6,1260.45,1243.7,1245.0,306182
301,2017-01-19,1247.0,1248.4,1233.75,1238.5,29712
302,2017-01-20,1240.0,1244.4,1231.0,1238.0,57889
303,2017-01-23,1237.3,1260.0,1236.8,1258.75,36208
304,2017-01-24,1260.35,1282.0,1260.35,1278.95,62448
305,2017-01-25,1280.85,1340.5,1280.85,1336.0,110145
306,2017-01-27,1335.0,1374.7,1331.9,1370.7,109667
307,2017-01-30,1370.0,1378.0,1360.5,1368.9,101626
308,2017-01-31,1360.0,1387.4,1353.0,1363.35,58364
309,2017-02-01,1370.0,1420.2,1368.75,1414.95,162061
310,2017-02-02,1405.95,1409.9,1386.6,1409.75,347504
311,2017-02-03,1402.0,1408.0,1386.35,1395.95,167897
312,2017-02-06,1407.0,1412.0,1389.0,1399.55,109020
313,2017-02-07,1399.55,1410.0,1389.0,1405.75,25707
314,2017-02-08,1408.1,1410.7,1384.95,1399.55,102675
315,2017-02-09,1402.0,1421.5,1388.8,1399.1,357072
316,2017-02-10,1409.5,1409.5,1383.35,1388.0,39523
317,2017-02-13,1392.95,1397.0,1373.5,1394.2,32726
318,2017-02-14,1394.3,1403.6,1388.55,1398.2,39494
319,2017-02-15,1399.9,1408.45,1390.0,1401.1,77885
320,2017-02-16,1396.8,1403.95,1386.5,1393.35,32827
321,2017-02-17,1430.0,1431.15,1396.95,1402.05,98367
322,2017-02-20,1402.15,1402.95,1387.5,1394.25,39820
323,2017-02-21,1395.0,1414.0,1389.75,1409.05,42576
324,2017-02-22,1411.0,1415.0,1392.55,1393.9,251029
325,2017-02-23,1399.75,1405.25,1378.7,1385.1,58464
326,2017-02-27,1381.1,1383.75,1368.25,1377.5,86628
327,2017-02-28,1375.0,1384.0,1367.5,1369.0,59487
328,2017-03-01,1368.0,1405.0,1368.0,1392.0,74973
329,2017-03-02,1405.0,1414.9,1392.0,1396.0,92786
330,2017-03-03,1392.65,1395.0,1366.0,1371.35,53554
331,2017-03-06,1380.0,1392.75,1363.55,1365.25,84342
332,2017-03-07,1371.75,1372.9,1362.7,1366.0,48266
333,2017-03-08,1366.0,1376.5,1361.0,1365.0,59080
334,2017-03-09,1366.2,1382.0,1364.5,1371.25,30978
335,2017-03-10,1379.5,1383.35,1369.0,1372.5,140727
336,2017-03-14,1410.0,1429.0,1410.0,1423.1,730187
337,2017-03-15,1424.15,1435.0,1416.35,1428.75,88326
338,2017-03-16,1431.7,1454.65,1431.7,1449.7,463089
339,2017-03-17,1461.55,1461.55,1440.0,1450.0,194029
340,2017-03-20,1450.75,1464.9,1447.0,1458.45,93304
341,2017-03-21,1458.0,1472.45,1449.5,1461.0,161840
342,2017-03-22,1446.7,1454.95,1435.0,1442.4,89042
343,2017-03-23,1445.0,1460.0,1440.0,1459.85,371693
344,2017-03-24,1459.95,1467.7,1455.8,1462.05,414614
345,2017-03-27,1462.0,1479.0,1457.0,1475.0,251294
346,2017-03-28,1474.8,1505.8,1474.8,1503.8,1683652
347,2017-03-29,1510.0,1525.0,1498.9,1518.85,132143
348,2017-03-30,1522.1,1528.35,1511.8,1512.5,1109936
349,2017-03-31,1521.0,1521.0,1498.05,1500.0,117238
350,2017-04-03,1506.35,1536.25,1502.0,1532.7,66095
351,2017-04-05,1532.0,1532.0,1485.7,1490.05,263734
352,2017-04-06,1490.1,1490.1,1469.35,1483.0,64800
353,2017-04-07,1474.7,1493.55,1467.0,1480.7,194293
354,2017-04-10,1500.0,1500.0,1465.0,1465.0,279306
355,2017-04-11,1465.2,1486.5,1462.45,1475.6,144557
356,2017-04-12,1477.0,1477.0,1460.7,1461.4,165827
357,2017-04-13,1463.55,1484.0,1463.15,1470.1,535146
358,2017-04-17,1474.85,1494.0,1474.85,1477.95,43711
359,2017-04-18,1478.85,1491.85,1475.0,1480.0,176117
360,2017-04-19,1489.75,1492.75,1470.75,1490.0,104538
361,2017-04-20,1489.9,1531.0,1488.75,1516.95,195653
362,2017-04-21,1525.0,1526.7,1491.95,1505.25,60280
363,2017-04-24,1508.55,1538.0,1508.55,1530.95,54774
364,2017-04-25,1533.3,1556.0,1533.0,1548.4,121371
365,2017-04-26,1552.0,1589.85,1552.0,1585.0,244122
366,2017-04-27,1585.0,1589.4,1560.0,1567.35,71369
367,2017-04-28,1567.4,1567.4,1532.95,1537.05,2640142
368,2017-05-02,1543.15,1587.0,1543.15,1582.95,935568
369,2017-05-03,1589.0,1589.0,1561.0,1561.2,448290
370,2017-05-04,1573.0,1586.0,1555.35,1564.4,219460
371,2017-05-05,1570.0,1570.0,1540.4,1546.5,132665
372,2017-05-08,1545.9,1549.5,1525.0,1529.8,52527
373,2017-05-09,1532.6,1542.65,1518.5,1523.3,51663
374,2017-05-10,1530.95,1575.0,1528.55,1572.8,74108
375,2017-05-11,1572.8,1580.0,1555.15,1561.7,336193
376,2017-05-12,1561.7,1562.4,1540.1,1546.7,28485
377,2017-05-15,1550.0,1570.0,1550.0,1555.95,20306
378,2017-05-16,1557.85,1569.5,1553.3,1566.65,37760
379,2017-05-17,1562.1,1569.75,1550.0,1550.1,182617
380,2017-05-18,1544.6,1559.1,1530.1,1545.0,88700
381,2017-05-19,1542.0,1542.55,1516.55,1521.3,107489
382,2017-05-22,1525.8,1526.7,1510.25,1515.2,59168
383,2017-05-23,1524.5,1535.65,1504.45,1510.7,514804
384,2017-05-24,1514.35,1541.4,1513.9,1524.9,62109
385,2017-05-25,1536.0,1544.45,1535.0,1538.95,63006
386,2017-05-26,1550.0,1562.75,1531.55,1545.5,124333
387,2017-05-29,1545.0,1601.6,1545.0,1598.8,1398491
388,2017-05-30,1598.0,1605.0,1575.45,1580.0,65766
389,2017-05-31,1591.6,1595.0,1565.7,1570.15,93243
390,2017-06-01,1560.0,1586.75,1559.3,1582.6,103568
391,2017-06-02,1589.0,1612.0,1588.8,1610.1,352827
392,2017-06-05,1605.9,1611.6,1591.9,1600.0,156761
393,2017-06-06,1609.0,1624.9,1600.05,1600.05,205914
394,2017-06-07,1612.1,1612.1,1591.05,1604.4,100763
395,2017-06-08,1605.95,1635.4,1605.95,1634.05,247312
396,2017-06-09,1630.8,1649.0,1620.9,1644.85,94044
397,2017-06-12,1644.0,1650.5,1634.25,1642.0,78390
398,2017-06-13,1647.05,1680.5,1645.8,1668.45,171294
399,2017-06-14,1667.0,1667.0,1644.75,1646.95,218903
400,2017-06-15,1649.45,1652.95,1630.0,1638.0,35838
401,2017-06-16,1637.8,1650.2,1629.55,1642.95,2046033
402,2017-06-19,1654.55,1659.0,1645.6,1653.7,69278
403,2017-06-20,1652.05,1653.2,1630.0,1635.95,51083
404,2017-06-21,1630.0,1634.0,1616.0,1627.4,38315
405,2017-06-22,1634.9,1660.0,1632.6,1650.35,51076
406,2017-06-23,1658.1,1660.0,1642.55,1650.85,704911
407,2017-06-27,1651.0,1666.65,1640.6,1654.9,438285
408,2017-06-28,1655.9,1659.25,1620.2,1628.6,39741
409,2017-06-29,1635.0,1655.0,1621.4,1632.05,42476
410,2017-06-30,1622.7,1625.0,1608.0,1616.35,39382
411,2017-07-03,1615.0,1628.7,1601.55,1622.45,51891
412,2017-07-04,1622.0,1645.7,1616.55,1643.0,39320
413,2017-07-05,1641.0,1641.0,1622.95,1629.4,35294
414,2017-07-06,1629.0,1653.3,1625.0,1642.0,61958
415,2017-07-07,1650.0,1650.0,1617.05,1629.0,74615
416,2017-07-10,1645.0,1649.0,1621.25,1638.15,500465
417,2017-07-11,1639.95,1650.0,1630.0,1641.5,39188
418,2017-07-12,1646.0,1646.0,1626.5,1639.0,21438
419,2017-07-13,1639.0,1665.0,1639.0,1654.5,260335
420,2017-07-14,1649.9,1650.0,1638.05,1647.2,22069
421,2017-07-17,1648.3,1658.0,1646.45,1651.8,269976
422,2017-07-18,1656.0,1675.95,1648.0,1648.0,45955
423,2017-07-19,1658.1,1660.55,1642.7,1650.0,31665
424,2017-07-20,1664.0,1664.0,1642.85,1651.1,28850
425,2017-07-21,1653.0,1653.0,1625.4,1639.0,3805274
426,2017-07-24,1643.1,1643.95,1629.0,1635.0,48237
427,2017-07-25,1636.75,1637.0,1628.0,1632.3,2652494
428,2017-07-26,1633.0,1645.0,1622.4,1633.25,533008
429,2017-07-27,1644.0,1742.8,1643.0,1728.5,245615
430,2017-07-28,1719.0,1798.0,1709.5,1783.8,397132
431,2017-07-31,1783.0,1799.0,1752.0,1786.15,119641
432,2017-08-01,1791.7,1791.7,1754.1,1774.4,71734
433,2017-08-02,1776.4,1776.4,1760.0,1766.0,297065
434,2017-08-03,1775.35,1776.95,1726.65,1736.0,66870
435,2017-08-04,1737.65,1738.2,1721.8,1732.9,64600
436,2017-08-07,1732.9,1752.05,1720.1,1726.6,53123
437,2017-08-08,1729.9,1733.25,1703.7,1722.75,60405
438,2017-08-09,1713.1,1741.05,1705.6,1731.45,53312
439,2017-08-10,1726.15,1749.15,1701.1,1714.4,403434
440,2017-08-11,1690.0,1706.2,1680.7,1694.15,124657
441,2017-08-14,1700.0,1745.0,1691.6,1714.4,188311
442,2017-08-16,1720.0,1758.35,1719.5,1741.55,1113135
443,2017-08-17,1749.45,1765.0,1721.0,1758.15,93755
444,2017-08-18,1756.35,1757.4,1727.05,1730.0,501623
445,2017-08-21,1740.0,1745.25,1730.0,1738.9,57292
446,2017-08-22,1745.0,1755.45,1736.45,1749.9,93917
447,2017-08-23,1754.0,1768.0,1748.5,1767.1,40509
448,2017-08-24,1766.05,1769.9,1748.0,1750.0,33627
449,2017-08-28,1765.0,1783.55,1758.0,1766.75,73847
450,2017-08-29,1760.0,1763.05,1723.75,1727.85,100495
451,2017-08-30,1730.55,1770.0,1730.55,1759.5,48645
452,2017-08-31,1768.95,1780.0,1746.35,1775.45,85705
453,2017-09-01,1772.65,1772.65,1752.0,1761.9,37968
454,2017-09-04,1760.0,1760.0,1741.95,1755.55,57394
455,2017-09-05,1750.0,1771.9,1750.0,1769.5,31444
456,2017-09-06,1756.4,1776.6,1748.55,1771.1,56801
457,2017-09-07,1773.1,1788.0,1757.8,1778.85,49433
458,2017-09-08,1780.55,1788.9,1771.0,1778.25,34598
459,2017-09-11,1785.0,1795.0,1776.85,1778.05,40911
460,2017-09-12,1784.8,1802.25,1769.35,1797.4,43983
461,2017-09-13,1800.0,1800.0,1773.6,1780.4,27108
462,2017-09-14,1777.3,1778.5,1763.5,1771.45,38090
463,2017-09-15,1759.0,1779.85,1758.55,1770.85,322716
464,2017-09-18,1775.0,1779.1,1763.8,1772.6,34085
465,2017-09-19,1775.0,1777.6,1750.05,1752.85,31111
466,2017-09-20,1749.9,1770.25,1748.35,1766.6,27882
467,2017-09-21,1766.45,1795.0,1763.75,1790.85,56765
468,2017-09-22,1788.45,1788.45,1770.55,1778.0,96442
469,2017-09-25,1781.0,1781.0,1739.0,1752.95,617031
470,2017-09-26,1775.0,1775.0,1728.35,1739.85,145667
471,2017-09-27,1752.45,1752.45,1715.05,1718.95,35084
472,2017-09-28,1718.0,1749.0,1714.15,1733.0,57146
473,2017-09-29,1744.9,1756.95,1728.95,1740.7,119899
474,2017-10-03,1750.0,1767.5,1735.35,1762.0,67270
475,2017-10-04,1761.5,1777.2,1751.15,1777.0,49271
476,2017-10-05,1770.8,1771.0,1748.45,1755.0,53721
477,2017-10-06,1757.5,1765.2,1733.05,1745.8,251407
478,2017-10-09,1740.0,1755.0,1732.0,1749.65,50940
479,2017-10-10,1750.0,1750.0,1737.1,1744.0,51594
480,2017-10-11,1744.8,1761.8,1744.0,1745.0,39171
481,2017-10-12,1753.65,1758.0,1741.55,1754.5,61532
482,2017-10-13,1754.5,1773.5,1754.5,1765.3,199694
483,2017-10-16,1748.0,1778.9,1746.3,1763.9,39521
484,2017-10-17,1762.15,1767.4,1752.55,1764.0,34520
485,2017-10-18,1759.95,1763.95,1749.3,1752.65,34451
486,2017-10-19,1763.8,1763.8,1741.0,1747.45,8557
487,2017-10-23,1748.15,1748.15,1712.75,1720.9,197761
488,2017-10-24,1727.45,1731.15,1714.0,1722.7,305235
489,2017-10-25,1738.8,1738.8,1649.45,1677.9,104382
490,2017-10-26,1670.4,1705.0,1638.2,1688.55,114665
491,2017-10-27,1709.75,1715.2,1685.0,1694.5,37138
492,2017-10-30,1705.0,1722.0,1685.5,1705.5,125660
493,2017-10-31,1713.75,1726.8,1700.0,1707.35,57774
494,2017-11-01,1707.5,1759.9,1703.35,1751.35,95807
495,2017-11-02,1755.5,1769.4,1749.0,1761.5,46428
496,2017-11-03,1761.5,1789.75,1760.85,1775.35,62918
497,2017-11-06,1770.0,1795.0,1767.65,1784.3,39815
498,2017-11-07,1784.0,1804.5,1760.85,1761.0,46829
499,2017-11-08,1764.0,1776.75,1742.1,1746.85,41591
500,2017-11-09,1774.0,1774.0,1706.9,1723.2,144095
501,2017-11-10,1725.05,1725.05,1697.1,1707.75,37495
502,2017-11-13,1725.0,1725.0,1667.55,1671.1,151721
503,2017-11-14,1668.9,1682.0,1659.55,1662.65,72687
504,2017-11-15,1662.25,1675.9,1650.0,1651.9,49053
505,2017-11-16,1657.0,1672.25,1650.0,1672.25,156536
506,2017-11-17,1692.0,1717.75,1687.55,1701.0,104587
507,2017-11-20,1700.0,1706.05,1684.35,1691.9,33842
508,2017-11-21,1724.9,1724.9,1687.8,1689.35,39148
509,2017-11-22,1698.75,1724.9,1695.8,1718.3,52599
510,2017-11-23,1714.2,1721.0,1700.3,1705.0,41415
511,2017-11-24,1709.45,1715.0,1697.3,1710.3,30682
512,2017-11-27,1709.95,1713.9,1699.5,1713.9,86933
513,2017-11-28,1715.0,1734.95,1710.25,1728.9,56333
514,2017-11-29,1730.0,1730.0,1700.0,1702.9,60008
515,2017-11-30,1702.25,1702.25,1673.0,1677.85,72709
516,2017-12-01,1682.15,1684.75,1652.0,1659.25,71161
517,2017-12-02,1650.0,1659.25,1650.0,1659.25,5513
518,2017-12-04,1657.0,1685.0,1657.0,1680.0,533402
519,2017-12-05,1678.0,1689.95,1665.5,1678.75,96185
520,2017-12-06,1686.0,1686.0,1642.0,1648.95,152527
521,2017-12-07,1651.05,1660.0,1644.35,1656.15,98941
522,2017-12-08,1657.0,1687.8,1657.0,1678.8,128054
523,2017-12-11,1688.0,1716.7,1688.0,1713.2,110573
524,2017-12-12,1705.0,1714.9,1698.2,1710.55,44130
525,2017-12-13,1702.0,1716.15,1688.25,1697.45,623058
526,2017-12-14,1700.0,1712.0,1683.5,1706.85,4034102
527,2017-12-15,1720.0,1734.0,1715.0,1720.0,59542
528,2017-12-18,1727.95,1740.0,1681.05,1712.05,82694
529,2017-12-19,1733.0,1733.0,1705.05,1709.7,90381
530,2017-12-20,1719.0,1719.0,1690.4,1692.9,119554
531,2017-12-21,1708.8,1709.75,1694.5,1702.15,40909
532,2017-12-22,1707.95,1716.8,1697.5,1708.35,37363
533,2017-12-26,1714.0,1720.0,1702.0,1709.1,68714
534,2017-12-27,1715.0,1716.3,1702.0,1703.0,18119
535,2017-12-28,1710.0,1715.05,1690.0,1694.5,35369
536,2017-12-29,1699.0,1712.8,1699.0,1710.4,63142
537,2018-01-01,1712.0,1712.0,1681.95,1687.35,43178
538,2018-01-02,1693.0,1705.5,1687.05,1702.05,32576
539,2018-01-03,1706.9,1711.5,1695.5,1698.65,323416
540,2018-01-04,1707.05,1710.0,1692.0,1708.4,21298
541,2018-01-05,1709.9,1730.8,1705.75,1725.95,1209618
542,2018-01-08,1730.0,1744.0,1729.9,1738.0,463277
543,2018-01-09,1745.0,1747.75,1726.0,1736.5,23697
544,2018-01-10,1735.0,1738.45,1722.0,1722.0,18477
545,2018-01-11,1726.0,1746.0,1725.0,1742.5,31513
546,2018-01-12,1744.0,1764.5,1742.7,1750.55,71383
547,2018-01-15,1784.0,1885.7,1779.7,1869.95,1446765
548,2018-01-16,1873.4,1873.4,1839.3,1848.7,87480
549,2018-01-17,1844.0,1867.4,1843.0,1859.95,767051
550,2018-01-18,1880.0,1917.0,1873.1,1897.0,1045910
551,2018-01-19,1910.9,1912.05,1891.8,1900.45,2620405
552,2018-01-22,1911.8,1924.7,1864.0,1869.9,459105
553,2018-01-23,1875.5,1896.2,1870.05,1884.95,676606
554,2018-01-24,1890.0,1918.95,1887.05,1907.95,2828733
555,2018-01-25,1910.0,1921.7,1875.45,1902.55,478469
556,2018-01-29,1910.0,1982.0,1910.0,1953.25,1066863
557,2018-01-30,1972.0,1972.0,1926.9,1933.25,325789
558,2018-01-31,1934.5,1962.8,1918.85,1955.55,84913
559,2018-02-01,1967.0,1974.1,1934.7,1969.9,104081
560,2018-02-02,1940.0,1942.4,1895.0,1903.3,120692
561,2018-02-05,1870.0,1885.0,1817.5,1825.95,185762
562,2018-02-06,1767.0,1809.0,1760.0,1788.9,125326
563,2018-02-07,1801.0,1801.4,1770.0,1784.9,107040
564,2018-02-08,1790.0,1834.0,1790.0,1811.4,748021
565,2018-02-09,1782.0,1782.6,1765.0,1773.2,94554
566,2018-02-12,1780.0,1812.7,1763.2,1812.6,253225
567,2018-02-14,1820.0,1831.0,1806.45,1810.0,44319
568,2018-02-15,1820.0,1848.9,1819.0,1830.0,231378
569,2018-02-16,1841.95,1841.95,1807.0,1823.6,416945
570,2018-02-19,1825.0,1827.5,1802.5,1818.0,26733
571,2018-02-20,1826.0,1838.0,1802.5,1809.15,36292
572,2018-02-21,1824.95,1829.9,1812.05,1824.1,342235
573,2018-02-22,1816.4,1825.0,1809.0,1817.75,1182059
574,2018-02-23,1818.0,1827.1,1817.15,1822.5,572242
575,2018-02-26,1824.55,1851.0,1823.0,1842.75,63474
576,2018-02-27,1850.0,1850.0,1819.5,1824.1,41767
577,2018-02-28,1816.1,1829.0,1803.1,1814.75,381334
578,2018-03-01,1808.0,1818.95,1804.0,1812.65,62314
579,2018-03-05,1811.2,1811.2,1780.4,1790.0,334340
580,2018-03-06,1800.0,1819.65,1752.15,1762.05,149059
581,2018-03-07,1771.0,1782.0,1758.5,1761.85,114916
582,2018-03-08,1772.0,1802.3,1772.0,1796.5,268479
583,2018-03-09,1805.0,1834.4,1801.5,1813.5,49790
584,2018-03-12,1830.0,1861.45,1829.2,1855.0,77576
585,2018-03-13,1854.5,1879.9,1852.85,1863.25,77483
586,2018-03-14,1859.75,1863.25,1838.2,1846.3,40774
587,2018-03-15,1847.0,1848.05,1827.6,1833.95,397640
588,2018-03-16,1828.6,1829.0,1784.5,1829.0,3
589,2018-03-19,1799.0,1805.0,1770.0,1779.75,122421
590,2018-03-20,1770.0,1806.4,1770.0,1800.0,170821
591,2018-03-21,1820.0,1830.0,1804.35,1818.0,347168
592,2018-03-22,1818.8,1837.5,1803.1,1812.45,120541
593,2018-03-23,1785.7,1799.0,1776.9,1785.0,6
594,2018-03-26,1782.0,1836.0,1778.0,1832.6,1087019
595,2018-03-27,1838.5,1838.5,1815.0,1821.95,101053
596,2018-03-28,1825.0,1831.4,1812.95,1827.0,67435
597,2018-04-02,1835.0,1852.45,1829.0,1836.3,18726
598,2018-04-03,1833.0,1845.0,1817.0,1830.1,33073
599,2018-04-04,1830.0,1830.0,1794.0,1803.25,68830
600,2018-04-05,1820.0,1830.0,1813.35,1822.7,26927
601,2018-04-06,1826.0,1837.6,1820.9,1826.9,22529
602,2018-04-09,1832.2,1846.2,1828.6,1834.0,18602
603,2018-04-10,1845.0,1849.7,1817.8,1824.65,22442
604,2018-04-11,1822.05,1826.55,1804.9,1813.7,228474
605,2018-04-12,1814.0,1831.0,1805.5,1826.0,19071
606,2018-04-13,1830.0,1843.0,1823.95,1840.6,466750
607,2018-04-16,1834.7,1874.5,1834.7,1870.7,37102
608,2018-04-17,1875.0,1896.9,1863.75,1889.95,153985
609,2018-04-18,1899.9,1899.9,1872.75,1882.0,20587
610,2018-04-19,1900.0,1900.0,1854.5,1867.95,453706
611,2018-04-20,1865.85,1871.35,1831.55,1831.65,879625
612,2018-04-23,1847.0,1847.0,1828.05,1831.0,30396
613,2018-04-24,1836.75,1869.0,1836.75,1855.0,317702
614,2018-04-25,1857.55,1857.55,1840.4,1853.0,71057
615,2018-04-26,1850.0,1859.8,1843.4,1855.95,85333
616,2018-04-27,1853.0,1860.9,1840.3,1855.95,277531
617,2018-04-30,1860.0,1892.0,1860.0,1884.65,75155
618,2018-05-02,1895.0,1913.8,1872.2,1910.5,91522
619,2018-05-03,1917.4,1930.0,1908.25,1915.0,497261
620,2018-05-04,1925.0,1934.55,1902.55,1905.05,395100
621,2018-05-07,1912.05,1918.4,1900.75,1914.0,31953
622,2018-05-08,1919.0,1920.0,1895.65,1904.8,530093
623,2018-05-09,1890.0,1905.0,1882.25,1903.6,40237
624,2018-05-10,1900.05,1907.55,1892.2,1901.0,34761
625,2018-05-11,1900.0,1926.7,1900.0,1924.35,36942
626,2018-05-14,1922.55,1935.85,1920.05,1931.0,480898
627,2018-05-15,1929.0,1941.45,1920.95,1925.0,39738
628,2018-05-16,1922.0,1929.45,1908.2,1910.25,30942
629,2018-05-17,1918.9,1918.9,1869.0,1875.05,49963
630,2018-05-18,1875.75,1880.0,1853.15,1857.25,31161
631,2018-05-21,1855.0,1857.0,1815.5,1820.15,67305
632,2018-05-22,1820.15,1829.4,1798.95,1810.0,38592
633,2018-05-23,1804.95,1807.05,1780.0,1783.9,31986
634,2018-05-24,1794.95,1813.5,1790.0,1806.05,218534
635,2018-05-25,1810.0,1828.0,1796.9,1818.8,335347
636,2018-05-28,1825.0,1835.0,1821.35,1830.35,22582
637,2018-05-29,1830.0,1830.0,1805.0,1810.15,25074
638,2018-05-30,1824.9,1824.9,1782.0,1792.9,37998
639,2018-05-31,1810.0,1835.05,1797.75,1828.5,624575
640,2018-06-01,1832.0,1855.9,1825.0,1843.35,52175
641,2018-06-04,1860.5,1870.75,1825.0,1832.7,668041
642,2018-06-05,1833.15,1850.0,1820.1,1847.05,18144
643,2018-06-06,1847.05,1860.45,1837.85,1854.65,16108
644,2018-06-07,1865.0,1872.95,1853.25,1853.25,34846
645,2018-06-08,1860.0,1860.7,1828.0,1840.2,36222
646,2018-06-11,1840.5,1849.95,1831.8,1836.0,23551
647,2018-06-12,1843.0,1855.0,1836.85,1852.95,19452
648,2018-06-13,1853.0,1855.0,1827.05,1835.85,27580
649,2018-06-14,1838.0,1838.0,1826.2,1833.35,28138
650,2018-06-15,1842.95,1862.65,1827.8,1831.75,26565
651,2018-06-18,1832.0,1834.5,1820.0,1822.8,21020
652,2018-06-19,1821.15,1837.25,1816.0,1827.1,32023
653,2018-06-20,1834.1,1850.0,1829.15,1849.5,568451
654,2018-06-21,1863.35,1872.75,1845.6,1853.0,50594
655,2018-06-22,1855.0,1908.45,1855.0,1902.4,54655
656,2018-06-25,1911.6,1911.6,1885.35,1900.0,44872
657,2018-06-26,1891.0,1921.9,1888.65,1918.5,55237
658,2018-06-27,1920.0,1935.0,1896.9,1910.0,36630
659,2018-06-28,1905.7,1912.75,1865.8,1879.05,47494
660,2018-06-29,1892.45,1911.5,1877.0,1907.35,33357
661,2018-07-02,1914.95,1915.45,1879.0,1886.2,21180
662,2018-07-03,1905.5,1905.5,1876.6,1883.45,20700
663,2018-07-04,1882.0,1927.1,1882.0,1921.0,31527
664,2018-07-05,1925.0,1936.95,1908.35,1927.0,33330
665,2018-07-06,1931.0,1938.15,1905.4,1910.1,30148
666,2018-07-09,1929.0,1929.0,1901.6,1909.7,131206
667,2018-07-10,1913.6,1944.0,1904.5,1939.2,45532
668,2018-07-11,1944.95,1959.95,1920.0,1920.1,275946
669,2018-07-12,1939.0,1978.9,1935.8,1961.75,86910
670,2018-07-13,1964.05,1979.0,1943.25,1979.0,39979
671,2018-07-16,1990.0,1996.9,1972.4,1991.55,34247
672,2018-07-17,1992.0,1994.95,1968.0,1993.95,39456
673,2018-07-18,2005.1,2023.9,2000.5,2008.25,67524
674,2018-07-19,2002.0,2004.75,1977.0,1990.0,45350
675,2018-07-20,1981.45,1981.45,1957.5,1975.2,31668
676,2018-07-23,1972.85,1987.95,1961.0,1966.5,135413
677,2018-07-24,1970.0,1984.05,1965.0,1980.0,29589
678,2018-07-25,1991.0,2011.0,1985.3,2000.4,60129
679,2018-07-26,2007.0,2035.0,1996.55,2023.8,35972
680,2018-07-27,2032.0,2048.0,2024.0,2040.0,48446
681,2018-07-30,2047.95,2051.0,2013.15,2028.05,86234
682,2018-07-31,2020.0,2020.0,1972.0,1994.75,124861
683,2018-08-01,1989.0,1996.0,1958.9,1970.05,1657389
684,2018-08-02,1963.0,1965.25,1928.15,1932.65,95838
685,2018-08-03,1949.8,1980.0,1942.2,1974.35,100547
686,2018-08-06,1987.45,1994.2,1968.3,1972.0,62782
687,2018-08-07,1975.0,1992.75,1970.0,1972.0,46661
688,2018-08-08,1980.25,1987.6,1954.0,1980.8,37716
689,2018-08-09,1989.0,1989.0,1962.5,1977.55,576795
690,2018-08-10,1975.35,1980.0,1952.1,1975.4,604234
691,2018-08-13,1970.0,1970.0,1940.0,1946.2,771898
692,2018-08-14,1975.0,1975.0,1937.5,1941.65,37528
693,2018-08-16,1938.8,1938.8,1888.05,1890.9,1552377
694,2018-08-17,1900.0,1903.2,1881.5,1888.9,188910
695,2018-08-20,1891.3,1923.6,1891.3,1920.05,64441
696,2018-08-21,1927.0,1930.0,1908.1,1912.7,31913
697,2018-08-23,1946.75,1946.75,1900.0,1906.1,156248
698,2018-08-24,1906.25,1920.45,1902.25,1915.0,35882
699,2018-08-27,1919.0,1934.5,1918.7,1927.0,41579
700,2018-08-28,1933.6,1956.35,1927.0,1952.45,48964
701,2018-08-29,1957.0,1969.0,1936.0,1947.0,45817
702,2018-08-30,1951.8,1962.95,1927.25,1933.65,49847
703,2018-08-31,1938.65,1941.2,1911.05,1931.5,45397
704,2018-09-03,1941.2,1949.95,1927.3,1939.9,35492
705,2018-09-04,1941.0,1958.55,1940.0,1955.05,957139
706,2018-09-05,1942.05,1965.05,1923.5,1931.5,1984411
707,2018-09-06,1951.95,1960.0,1928.0,1955.0,38892
708,2018-09-07,1955.0,1955.0,1917.6,1924.9,74629
709,2018-09-10,1920.0,1920.0,1879.5,1883.8,1835663
710,2018-09-11,1880.0,1881.85,1860.6,1871.0,352393
711,2018-09-12,1880.95,1884.9,1856.75,1877.3,35482
712,2018-09-14,1893.0,1930.0,1882.8,1928.0,68576
713,2018-09-17,1920.0,1920.0,1874.0,1880.4,64151
714,2018-09-18,1884.7,1888.45,1845.35,1856.15,74996
715,2018-09-19,1860.0,1860.7,1825.0,1831.15,57377
716,2018-09-21,1839.05,1872.8,1783.0,1839.1,106243
717,2018-09-24,1840.0,1845.4,1705.0,1721.05,243906
718,2018-09-25,1770.0,1782.8,1714.85,1771.75,409734
719,2018-09-26,1786.0,1804.0,1755.1,1766.2,48673
720,2018-09-27,1777.95,1777.95,1725.05,1729.7,60650
721,2018-09-28,1740.0,1771.0,1740.0,1755.5,95736
722,2018-10-01,1761.45,1817.9,1753.95,1811.05,175718
723,2018-10-03,1804.0,1819.1,1786.0,1800.0,53049
724,2018-10-04,1779.65,1798.0,1743.0,1775.0,83218
725,2018-10-05,1764.15,1775.0,1685.0,1715.15,93538
726,2018-10-08,1689.05,1707.0,1646.85,1670.15,598420
727,2018-10-09,1681.0,1733.5,1673.75,1713.45,92859
728,2018-10-10,1722.4,1765.8,1717.8,1738.7,61316
729,2018-10-11,1680.45,1720.85,1677.2,1685.7,67437
730,2018-10-12,1718.95,1740.85,1694.0,1730.0,38553
731,2018-10-15,1749.0,1764.0,1705.0,1733.95,39963
732,2018-10-16,1737.0,1773.8,1718.55,1757.0,64707
733,2018-10-17,1775.0,1775.0,1729.95,1736.3,36896
734,2018-10-19,1739.0,1761.25,1653.25,1661.3,78749
735,2018-10-22,1685.0,1689.2,1650.4,1660.2,77114
736,2018-10-23,1654.0,1706.65,1650.75,1696.9,197168
737,2018-10-24,1717.9,1747.9,1706.0,1741.0,59401
738,2018-10-25,1729.0,1739.05,1685.1,1693.25,49151
739,2018-10-26,1693.0,1719.5,1676.75,1705.0,131210
740,2018-10-29,1702.35,1705.0,1653.55,1697.55,75750
741,2018-10-30,1700.0,1709.5,1663.85,1670.0,92295
742,2018-10-31,1680.0,1774.7,1680.0,1769.55,756749
743,2018-11-01,1770.1,1795.75,1750.6,1761.7,217885
744,2018-11-02,1783.8,1834.45,1766.8,1822.3,112997
745,2018-11-05,1815.0,1824.0,1775.0,1795.65,97952
746,2018-11-06,1800.25,1814.25,1784.9,1802.0,54976
747,2018-11-07,1815.0,1819.8,1810.0,1810.0,10382
748,2018-11-09,1816.0,1832.6,1780.0,1818.4,44900
749,2018-11-12,1834.4,1837.0,1790.0,1790.05,50401
750,2018-11-13,1801.35,1830.0,1785.5,1824.05,34142
751,2018-11-14,1837.0,1849.45,1830.0,1838.0,34061
752,2018-11-15,1840.0,1857.2,1825.0,1852.2,34207
753,2018-11-16,1860.0,1893.0,1852.0,1883.2,461920
754,2018-11-19,1897.95,1907.0,1872.95,1898.35,44884
755,2018-11-20,1889.95,1901.75,1872.1,1873.55,31275
756,2018-11-21,1878.0,1891.0,1865.0,1867.9,23944
757,2018-11-22,1881.05,1888.0,1867.05,1869.5,23254
758,2018-11-26,1886.1,1891.5,1870.5,1880.2,313565
759,2018-11-27,1885.0,1908.0,1870.5,1904.0,43974
760,2018-11-28,1909.15,1929.0,1907.85,1925.0,58837
761,2018-11-29,1948.5,1964.0,1935.0,1962.85,859385
762,2018-11-30,1970.95,1994.25,1959.4,1983.7,71411
763,2018-12-03,1991.0,2015.0,1952.65,1977.25,153827
764,2018-12-04,1979.85,1983.0,1919.0,1939.2,84981
765,2018-12-05,1929.0,1979.5,1921.7,1973.2,81540
766,2018-12-06,1958.0,1970.0,1935.9,1944.2,242357
767,2018-12-07,1944.0,1964.5,1928.55,1952.25,31234
768,2018-12-10,1940.0,1940.0,1903.0,1909.2,24015
769,2018-12-11,1894.0,1911.25,1857.0,1905.45,73644
770,2018-12-12,1914.0,1945.0,1905.3,1939.2,33104
771,2018-12-13,1949.8,1961.15,1928.15,1941.95,35087
772,2018-12-14,1942.0,1953.65,1900.8,1904.15,67157
773,2018-12-17,1919.0,1963.3,1915.5,1959.15,49669
774,2018-12-18,1954.95,1958.35,1934.0,1953.15,965156
775,2018-12-19,1959.5,1982.4,1950.55,1978.2,41259
776,2018-12-20,1977.0,1982.3,1944.4,1976.25,55553
777,2018-12-21,1976.25,1978.4,1930.85,1949.45,59215
778,2018-12-24,1950.0,1951.25,1896.15,1901.95,55829
779,2018-12-26,1908.0,1941.4,1884.75,1934.45,50607
780,2018-12-27,1951.0,1953.6,1930.1,1946.65,47303
781,2018-12-28,1956.3,1989.0,1953.1,1980.1,61223
782,2018-12-31,1994.0,2000.0,1961.0,1970.0,41872
783,2019-01-01,1973.55,2018.6,1956.0,2009.6,320697
784,2019-01-02,2009.9,2009.9,1963.75,1979.0,90275
785,2019-01-03,1989.0,1989.0,1932.4,1935.8,92500
786,2019-01-04,1940.0,1974.95,1939.9,1971.15,64524
787,2019-01-07,1986.0,1986.0,1965.15,1971.0,98666
788,2019-01-08,2007.0,2007.0,1948.2,1959.25,101713
789,2019-01-09,1965.0,1997.85,1965.0,1993.3,64486
790,2019-01-10,1999.0,1999.0,1971.9,1979.0,4974557
791,2019-01-11,1978.0,2006.85,1973.95,1987.65,67729
792,2019-01-14,1990.0,1990.0,1950.0,1969.3,43054
793,2019-01-15,1976.6,1993.15,1964.65,1990.8,63415
794,2019-01-16,1987.0,1993.45,1966.0,1974.35,38108
795,2019-01-17,1984.7,2007.25,1979.4,2004.25,265156
796,2019-01-18,1991.0,2015.0,1990.0,2008.05,57179
797,2019-01-21,2007.7,2016.25,1983.0,2003.3,73092
798,2019-01-22,2005.75,2005.75,1969.95,1982.6,43430
799,2019-01-23,1980.0,1980.0,1951.0,1957.65,35079
800,2019-01-24,1963.05,1980.0,1942.3,1969.05,103273
801,2019-01-25,1970.15,1990.0,1965.0,1977.6,47171
802,2019-01-28,1975.95,1980.0,1942.0,1948.6,50928
803,2019-01-29,1949.05,1949.05,1896.0,1918.8,113225
804,2019-01-30,1929.8,1929.8,1870.1,1885.5,126899
805,2019-01-31,1886.0,1940.85,1862.05,1923.7,389458
806,2019-02-01,1932.05,1973.05,1932.05,1961.0,183040
807,2019-02-04,1961.05,1982.7,1942.55,1978.0,52914
808,2019-02-05,1971.0,1983.75,1962.15,1978.0,37974
809,2019-02-06,1984.35,1993.15,1976.5,1987.5,42107
810,2019-02-07,1987.15,1990.85,1957.0,1970.55,48042
811,2019-02-08,1960.0,1968.75,1936.2,1943.95,34208
812,2019-02-11,1944.0,1958.4,1936.75,1948.0,45450
813,2019-02-12,1951.0,1955.95,1901.9,1905.6,41943
814,2019-02-13,1909.0,1939.95,1909.0,1925.55,41995
815,2019-02-14,1920.2,1927.75,1894.5,1901.15,29665
816,2019-02-15,1901.15,1901.15,1858.3,1875.2,90291
817,2019-02-18,1875.0,1891.9,1864.0,1874.55,26932
818,2019-02-19,1878.85,1883.7,1846.5,1851.25,56050
819,2019-02-20,1882.9,1882.9,1858.45,1870.9,43734
820,2019-02-21,1875.0,1894.65,1865.2,1891.6,37642
821,2019-02-22,1897.0,1898.4,1877.65,1885.05,209101
822,2019-02-25,1897.95,1900.6,1870.9,1894.85,45140
823,2019-02-26,1878.2,1894.45,1850.0,1853.55,74806
824,2019-02-27,1865.0,1876.8,1821.55,1842.35,87395
825,2019-02-28,1842.35,1853.95,1835.0,1841.75,39049
826,2019-03-01,1848.6,1864.4,1840.0,1859.45,59480
827,2019-03-05,1864.0,1867.95,1840.05,1860.55,75060
828,2019-03-06,1861.0,1889.5,1860.0,1885.2,84225
829,2019-03-07,1897.0,1897.0,1865.45,1879.45,66038
830,2019-03-08,1873.95,1890.0,1870.65,1883.9,299829
831,2019-03-11,1889.7,1903.6,1885.6,1897.3,66049
832,2019-03-12,1910.0,1936.0,1900.6,1931.95,64502
833,2019-03-13,1936.2,1962.8,1924.5,1951.2,95583
834,2019-03-14,1967.1,1974.3,1949.5,1957.85,73771
835,2019-03-15,1913.75,1992.9,1913.75,1977.0,71008
836,2019-03-18,1980.0,1994.8,1956.0,1964.0,59883
837,2019-03-19,1970.2,1978.0,1960.75,1967.85,50072
838,2019-03-20,1975.0,1998.0,1968.5,1987.15,50410
839,2019-03-22,1992.0,2010.2,1971.2,1984.35,60443
840,2019-03-25,1978.8,1978.8,1937.8,1945.75,757306
841,2019-03-26,1948.0,1958.6,1931.0,1945.65,85919
842,2019-03-27,1959.9,1959.9,1906.75,1920.45,103461
843,2019-03-28,1922.5,1950.35,1915.0,1947.05,63053
844,2019-03-29,1949.95,1972.0,1936.35,1967.3,84133
845,2019-04-01,1979.0,1979.0,1937.65,1955.25,707019
846,2019-04-02,1956.5,1998.0,1955.65,1992.5,121651
847,2019-04-03,1997.0,2031.85,1997.0,2012.75,109182
848,2019-04-04,2013.0,2059.0,2010.65,2041.25,96147
849,2019-04-05,2049.7,2062.4,2035.95,2056.45,86742
850,2019-04-08,2065.15,2070.6,2027.0,2053.65,58260
851,2019-04-09,2054.0,2070.0,2040.0,2068.0,46260
852,2019-04-10,2070.0,2070.0,2023.7,2027.4,50753
853,2019-04-11,2031.9,2047.0,2017.85,2021.15,37211
854,2019-04-12,2028.85,2031.4,2009.0,2026.25,28860
855,2019-04-15,2030.0,2032.75,2008.2,2013.6,33728
856,2019-04-16,2020.9,2035.85,2017.5,2027.4,35735
857,2019-04-18,2031.0,2048.25,1999.15,2003.9,39502
858,2019-04-22,2006.0,2010.0,1950.05,1955.05,75801
859,2019-04-23,1958.5,1968.65,1930.0,1935.9,63905
860,2019-04-24,1949.0,1988.85,1934.1,1979.15,43028
861,2019-04-25,1988.0,1997.0,1950.55,1958.55,55663
862,2019-04-26,1959.9,1979.95,1942.4,1974.55,39152
863,2019-04-30,1977.0,2002.95,1954.7,1995.4,44877
864,2019-05-02,1992.0,2028.25,1990.0,2017.3,82472
865,2019-05-03,2030.0,2038.85,2006.0,2010.0,34656
866,2019-05-06,1990.0,1990.0,1959.25,1967.25,40921
867,2019-05-07,1979.0,2008.9,1961.0,1966.7,76221
868,2019-05-08,1969.85,1970.0,1926.0,1931.95,46516
869,2019-05-09,1933.0,1933.0,1901.15,1915.65,47740
870,2019-05-10,1919.0,1956.0,1912.0,1931.15,50280
871,2019-05-13,1930.0,1982.8,1920.55,1951.7,170193
872,2019-05-14,1960.0,1987.7,1922.75,1963.7,82065
873,2019-05-15,1971.0,1979.8,1938.5,1944.65,114798
874,2019-05-16,1950.9,1953.15,1924.0,1939.65,86202
875,2019-05-17,1959.95,1999.9,1940.0,1993.75,131468
876,2019-05-20,2029.0,2132.45,2027.0,2117.35,203228
877,2019-05-21,2135.0,2178.0,2104.65,2114.1,143839
878,2019-05-22,2120.0,2155.0,2119.8,2140.6,66079
879,2019-05-23,2165.1,2209.0,2104.2,2115.6,153761
880,2019-05-24,2127.0,2151.9,2096.85,2127.5,77206
881,2019-05-27,2127.5,2187.0,2119.7,2166.6,118695
882,2019-05-28,2167.0,2171.9,2116.45,2154.3,167683
883,2019-05-29,2152.0,2169.75,2133.8,2146.8,98982
884,2019-05-30,2146.9,2193.0,2128.8,2185.65,133344
885,2019-05-31,2187.8,2195.65,2140.75,2182.2,124988
886,2019-06-03,2194.0,2231.5,2189.9,2227.45,82391
887,2019-06-04,2226.9,2234.0,2208.45,2224.85,41630
888,2019-06-06,2225.0,2228.0,2176.0,2188.15,129133
889,2019-06-07,2186.9,2217.2,2169.4,2209.0,40397
890,2019-06-10,2211.0,2225.65,2177.45,2196.5,45058
891,2019-06-11,2202.2,2202.95,2182.3,2190.35,30186
892,2019-06-12,2188.4,2190.0,2164.0,2183.3,45208
893,2019-06-13,2171.05,2201.55,2164.0,2197.0,59205
894,2019-06-14,2206.0,2210.05,2170.2,2182.4,64630
895,2019-06-17,2188.0,2191.0,2164.0,2171.5,37579
896,2019-06-18,2173.0,2194.0,2136.0,2154.3,55703
897,2019-06-19,2160.0,2185.25,2158.5,2178.3,58416
898,2019-06-20,2180.3,2206.8,2166.75,2198.75,61254
899,2019-06-21,2200.0,2200.0,2137.0,2140.9,85990
900,2019-06-24,2134.0,2159.0,2134.0,2149.25,57395
901,2019-06-25,2150.0,2176.8,2138.85,2173.3,53158
902,2019-06-26,2173.9,2179.45,2155.25,2167.95,39447
903,2019-06-27,2166.0,2201.75,2166.0,2194.45,48759
904,2019-06-28,2201.75,2205.75,2178.55,2192.05,40502
905,2019-07-01,2197.0,2252.95,2193.5,2246.9,106353
906,2019-07-02,2255.1,2285.0,2240.2,2280.7,94873
907,2019-07-03,2281.0,2286.85,2258.1,2278.65,56740
908,2019-07-04,2279.0,2285.0,2265.65,2281.0,28800
909,2019-07-05,2280.1,2300.85,2267.8,2278.65,44869
910,2019-07-08,2278.0,2278.0,2244.0,2261.05,145017
911,2019-07-09,2259.8,2259.8,2198.2,2232.7,89883
912,2019-07-10,2225.65,2253.8,2220.1,2227.4,126701
913,2019-07-11,2237.5,2269.05,2232.6,2261.45,36062
914,2019-07-12,2274.9,2282.4,2251.0,2256.65,87165
915,2019-07-15,2260.0,2270.0,2235.6,2267.0,34367
916,2019-07-16,2275.0,2285.0,2257.3,2277.35,35803
917,2019-07-17,2277.35,2288.65,2277.35,2286.3,500891
918,2019-07-18,2288.0,2357.0,2285.0,2343.85,72178
919,2019-07-19,2334.0,2338.95,2294.2,2303.9,163234
920,2019-07-22,2304.0,2304.0,2180.15,2186.6,108767
921,2019-07-23,2184.0,2185.0,2126.0,2137.65,108593
922,2019-07-24,2140.0,2188.75,2140.0,2182.3,56948
923,2019-07-25,2181.0,2215.0,2176.05,2195.7,44351
924,2019-07-26,2198.0,2198.6,2159.6,2168.5,118941
925,2019-07-29,2167.9,2174.55,2110.2,2150.0,44878
926,2019-07-30,2149.0,2157.45,2114.2,2128.35,44946
927,2019-07-31,2120.0,2131.0,2109.5,2121.7,894795
928,2019-08-01,2118.0,2118.0,2064.4,2087.55,87979
929,2019-08-02,2084.0,2148.6,2039.65,2124.1,132418
930,2019-08-05,2107.25,2159.5,2107.25,2153.1,110004
931,2019-08-06,2147.0,2216.4,2136.6,2189.6,261570
932,2019-08-07,2195.0,2198.55,2162.55,2177.3,90615
933,2019-08-08,2179.0,2188.35,2153.15,2181.2,113601
934,2019-08-09,2199.0,2239.85,2180.0,2211.9,122789
935,2019-08-13,2166.0,2213.05,2090.0,2099.85,257407
936,2019-08-14,2134.9,2146.35,2106.95,2118.05,74234
937,2019-08-16,2155.0,2158.0,2093.8,2098.75,95912
938,2019-08-19,2114.7,2134.0,2098.75,2114.05,62958
939,2019-08-20,2110.0,2115.0,2075.4,2090.8,486043
940,2019-08-21,2075.0,2099.2,2063.0,2066.35,119843
941,2019-08-22,2070.0,2072.65,2008.0,2014.85,46042
942,2019-08-23,2014.0,2058.95,1972.35,2041.25,105218
943,2019-08-26,2098.0,2152.35,2070.55,2148.25,137639
944,2019-08-27,2168.9,2186.55,2145.0,2176.4,550357
945,2019-08-28,2178.0,2193.1,2156.4,2187.4,98418
946,2019-08-29,2175.1,2176.4,2121.05,2128.55,81410
947,2019-08-30,2144.0,2171.35,2118.9,2166.5,89879
948,2019-09-03,2148.0,2148.0,2083.0,2089.55,163456
949,2019-09-04,2092.0,2113.05,2073.2,2099.8,73712
950,2019-09-05,2109.9,2109.9,2040.0,2043.7,131167
951,2019-09-06,2061.0,2061.0,2024.05,2041.95,76078
952,2019-09-09,2050.0,2070.0,2030.0,2064.5,93431
953,2019-09-11,2070.85,2086.7,2053.25,2071.75,75264
954,2019-09-12,2087.0,2114.0,2078.0,2082.85,67910
955,2019-09-13,2077.05,2092.0,2063.75,2085.65,57294
956,2019-09-16,2080.0,2081.4,2038.25,2046.3,297187
957,2019-09-17,2047.0,2047.0,1977.5,1996.5,163254
958,2019-09-18,2007.0,2012.4,1982.6,1988.75,322524
959,2019-09-19,1990.0,2001.3,1963.5,1974.7,114287
960,2019-09-20,1982.0,2065.0,1960.4,2052.1,1482878
961,2019-09-23,2083.0,2194.75,2083.0,2159.3,355642
962,2019-09-24,2164.0,2185.15,2115.0,2130.15,130534
963,2019-09-25,2144.5,2144.5,2050.85,2069.6,138795
964,2019-09-26,2083.7,2087.0,2054.4,2064.15,185517
965,2019-09-27,2063.25,2096.65,2025.95,2035.85,136986
966,2019-09-30,2064.0,2064.0,1972.0,1976.6,189883
967,2019-10-01,1987.0,2028.3,1963.2,1996.15,314823
968,2019-10-03,1996.15,1999.55,1951.1,1974.9,691798
969,2019-10-04,1996.9,2016.25,1973.0,1976.9,241216
970,2019-10-07,1992.5,1997.0,1962.4,1968.6,86896
971,2019-10-09,1975.0,2004.9,1963.9,2001.5,1085989
972,2019-10-10,2007.8,2007.8,1971.8,1987.75,214332
973,2019-10-11,2000.0,2024.9,1980.8,2010.05,104814
974,2019-10-14,2020.0,2031.5,2001.25,2011.5,56571
975,2019-10-15,2013.0,2030.05,1994.85,2013.2,182352
976,2019-10-16,2023.0,2055.0,2015.0,2050.05,274746
977,2019-10-17,2060.0,2094.95,2050.55,2088.2,106454
978,2019-10-18,2095.0,2100.7,2065.0,2095.35,59364
979,2019-10-22,2102.0,2140.85,2096.5,2115.95,517954
980,2019-10-23,2125.0,2148.3,2105.0,2144.5,51684
981,2019-10-24,2146.0,2174.0,2141.1,2146.0,74796
982,2019-10-25,2156.0,2156.0,2085.45,2102.9,62964
983,2019-10-27,2119.95,2119.95,2096.3,2105.05,14654
984,2019-10-29,2098.0,2122.35,2079.25,2113.35,86490
985,2019-10-30,2129.75,2132.1,2102.6,2106.8,62060
986,2019-10-31,2110.0,2146.0,2104.25,2134.1,75611
987,2019-11-01,2131.0,2166.95,2120.1,2128.55,489932
988,2019-11-04,2149.0,2194.9,2122.15,2181.35,274771
989,2019-11-05,2199.95,2208.95,2163.0,2181.4,293717
990,2019-11-06,2185.0,2228.1,2162.1,2220.3,190798
991,2019-11-07,2236.0,2264.75,2236.0,2250.9,117080
992,2019-11-08,2244.9,2252.15,2211.65,2230.45,106706
993,2019-11-11,2230.45,2239.95,2216.15,2234.95,90300
994,2019-11-13,2229.75,2232.0,2196.0,2207.7,121138
995,2019-11-14,2210.2,2232.0,2191.0,2225.1,65232
996,2019-11-15,2226.0,2238.1,2208.05,2224.2,128940
997,2019-11-18,2224.0,2239.95,2209.5,2234.5,48259
998,2019-11-19,2238.5,2238.55,2203.0,2213.15,58628
999,2019-11-20,2222.0,2222.0,2193.2,2199.6,42101
1000,2019-11-21,2201.4,2216.45,2186.65,2211.1,67958
1001,2019-11-22,2208.0,2240.0,2199.65,2236.35,84898
1002,2019-11-25,2247.45,2296.8,2228.0,2293.85,272394
1003,2019-11-26,2299.9,2320.0,2284.6,2303.85,92596
1004,2019-11-27,2313.2,2352.8,2308.4,2336.3,141060
1005,2019-11-28,2343.8,2345.9,2295.1,2309.85,70535
1006,2019-11-29,2314.75,2317.15,2280.45,2295.95,76243
1007,2019-12-02,2304.25,2315.0,2265.0,2306.45,82988
1008,2019-12-03,2305.0,2325.0,2287.75,2320.4,110059
1009,2019-12-04,2320.25,2327.0,2287.0,2321.95,75665
1010,2019-12-05,2310.15,2332.75,2300.9,2325.45,55841
1011,2019-12-06,2330.0,2332.55,2247.0,2264.0,62424
1012,2019-12-09,2266.0,2315.0,2261.0,2310.6,73860
1013,2019-12-10,2319.0,2332.75,2288.15,2294.7,113098
1014,2019-12-11,2300.0,2328.6,2292.9,2316.8,282234
1015,2019-12-12,2322.0,2327.2,2302.95,2318.4,80736
1016,2019-12-13,2321.25,2365.0,2318.0,2352.9,102533
1017,2019-12-16,2357.0,2384.5,2343.0,2372.4,61183
1018,2019-12-17,2365.0,2435.0,2360.0,2430.8,311178
1019,2019-12-18,2430.8,2459.0,2416.45,2446.85,400084
1020,2019-12-19,2438.8,2438.8,2406.0,2412.25,49959
1021,2019-12-20,2419.9,2425.0,2378.7,2404.75,64533
1022,2019-12-23,2408.0,2434.4,2395.0,2422.35,38488
1023,2019-12-24,2422.65,2445.2,2403.05,2411.2,436036
1024,2019-12-26,2416.8,2432.7,2405.0,2414.3,510443
1025,2019-12-27,2426.0,2450.0,2420.0,2444.5,50103
1026,2019-12-30,2444.5,2449.25,2422.0,2437.5,110216
1027,2019-12-31,2439.05,2439.05,2406.95,2413.45,46908
1028,2020-01-01,2417.0,2438.0,2409.95,2433.75,24458
1029,2020-01-02,2430.0,2472.85,2422.95,2466.2,27543
1030,2020-01-03,2455.0,2461.9,2441.75,2454.75,71458
1031,2020-01-06,2453.0,2453.0,2371.65,2384.45,93567
1032,2020-01-07,2400.0,2428.0,2380.55,2413.05,87079
1033,2020-01-08,2399.0,2412.9,2384.75,2406.05,289319
1034,2020-01-09,2430.0,2462.4,2426.1,2457.1,52714
1035,2020-01-10,2460.0,2477.0,2440.2,2458.15,29857
1036,2020-01-13,2460.0,2471.0,2441.05,2463.9,50943
1037,2020-01-14,2450.0,2499.65,2447.5,2492.7,71511
1038,2020-01-15,2485.0,2495.0,2453.75,2485.9,63049
1039,2020-01-16,2486.0,2495.9,2473.0,2482.2,19981
1040,2020-01-17,2471.0,2478.0,2449.0,2453.95,25981
1041,2020-01-20,2474.95,2485.15,2441.0,2455.3,46135
1042,2020-01-21,2451.0,2486.4,2432.4,2464.5,39655
1043,2020-01-22,2476.0,2481.2,2412.0,2417.1,92244
1044,2020-01-23,2415.0,2436.8,2404.65,2426.15,1263430
1045,2020-01-24,2427.95,2458.95,2413.1,2450.9,47463
1046,2020-01-27,2439.8,2445.7,2388.7,2395.8,53578
1047,2020-01-28,2419.0,2470.85,2409.6,2432.4,185290
1048,2020-01-29,2442.0,2447.7,2400.0,2403.65,342040
1049,2020-01-30,2450.0,2450.0,2388.55,2415.85,50137
1050,2020-01-31,2425.0,2435.0,2405.2,2412.4,71779
1051,2020-02-01,2413.0,2422.95,2252.0,2270.75,177794
1052,2020-02-03,2270.0,2298.0,2228.05,2260.8,101727
1053,2020-02-04,2270.0,2351.6,2269.9,2345.7,65461
1054,2020-02-05,2349.9,2395.0,2327.1,2391.45,120985
1055,2020-02-06,2390.0,2447.4,2370.95,2435.5,80685
1056,2020-02-07,2434.0,2452.65,2399.0,2406.0,178082
1057,2020-02-10,2407.7,2425.3,2390.4,2414.6,66843
1058,2020-02-11,2424.0,2441.0,2421.05,2435.55,79155
1059,2020-02-12,2448.0,2486.9,2427.4,2436.55,95888
1060,2020-02-13,2435.85,2441.5,2400.0,2403.2,76819
1061,2020-02-14,2400.0,2426.1,2389.0,2400.75,163995
1062,2020-02-17,2409.75,2409.75,2345.15,2349.45,59319
1063,2020-02-18,2346.0,2346.0,2304.25,2323.15,185721
1064,2020-02-19,2340.0,2384.3,2335.3,2377.4,37363
1065,2020-02-20,2365.0,2378.05,2349.75,2370.9,227623
1066,2020-02-24,2357.0,2363.05,2281.0,2292.85,118429
1067,2020-02-25,2304.95,2320.0,2285.4,2303.55,269816
1068,2020-02-26,2290.0,2309.7,2255.35,2281.05,207857
1069,2020-02-27,2288.0,2289.7,2244.7,2273.65,107816
1070,2020-02-28,2230.4,2230.4,2164.25,2176.7,271382
1071,2020-03-02,2241.0,2248.8,2153.2,2182.7,81758
1072,2020-03-03,2208.55,2227.2,2175.0,2193.6,146620
1073,2020-03-04,2195.0,2216.9,2181.5,2204.6,242007
1074,2020-03-05,2209.0,2231.6,2184.25,2195.1,69052
1075,2020-03-06,2155.0,2155.0,2092.55,2109.55,473992
1076,2020-03-09,2085.0,2085.0,1982.8,2028.8,161876
1077,2020-03-11,1974.0,2074.0,1974.0,2035.95,102560
1078,2020-03-12,1981.75,1989.35,1863.95,1874.9,208403
1079,2020-03-13,1780.1,2124.8,1700.0,2068.5,407794
1080,2020-03-16,1969.0,1980.0,1825.25,1842.2,280408
1081,2020-03-17,1861.0,1869.0,1740.2,1754.8,289515
1082,2020-03-18,1770.0,1783.75,1601.6,1623.65,319884
1083,2020-03-19,1535.0,1703.9,1490.8,1621.2,327892
1084,2020-03-20,1640.0,1778.0,1536.05,1753.9,327948
1085,2020-03-23,1579.0,1690.0,1501.6,1528.25,231690
1086,2020-03-24,1575.0,1665.1,1473.1,1501.8,330719
1087,2020-03-25,1495.0,1651.95,1478.05,1643.55,2187181
1088,2020-03-26,1678.0,1842.85,1674.4,1749.9,274495
1089,2020-03-27,1775.0,1849.5,1711.0,1754.1,366247
1090,2020-03-30,1689.9,1698.55,1549.0,1562.6,290913
1091,2020-03-31,1625.1,1666.55,1582.0,1630.45,1153088
1092,2020-04-01,1628.6,1690.95,1575.0,1584.4,363687
1093,2020-04-03,1584.4,1584.4,1483.15,1499.4,201240
1094,2020-04-07,1575.0,1577.7,1518.7,1555.2,351175
1095,2020-04-08,1541.0,1690.35,1540.0,1557.35,377331
1096,2020-04-09,1585.0,1713.05,1585.0,1701.95,377198
1097,2020-04-13,1730.0,1763.55,1647.85,1654.45,212770
1098,2020-04-15,1701.0,1705.95,1584.0,1594.75,320635
1099,2020-04-16,1578.5,1663.0,1577.35,1627.55,250135
1100,2020-04-17,1675.1,1737.8,1652.6,1680.4,348764
1101,2020-04-20,1714.45,1737.0,1675.0,1728.3,324597
1102,2020-04-21,1675.0,1694.0,1651.35,1669.3,96448
1103,2020-04-22,1665.0,1678.85,1626.0,1663.15,158332
1104,2020-04-23,1689.8,1689.8,1651.75,1662.5,453081
1105,2020-04-24,1610.0,1625.0,1570.0,1579.35,283950
1106,2020-04-27,1619.0,1651.45,1585.05,1592.35,189865
1107,2020-04-28,1600.0,1725.85,1600.0,1715.65,224867
1108,2020-04-29,1740.0,1845.0,1728.95,1837.0,403845
1109,2020-04-30,1855.0,1926.4,1855.0,1917.1,200558
1110,2020-05-04,1851.0,1860.0,1708.7,1723.85,170132
1111,2020-05-05,1749.0,1769.0,1678.55,1690.85,336852
1112,2020-05-06,1709.95,1778.0,1680.0,1732.95,295732
1113,2020-05-07,1748.0,1748.0,1698.2,1703.8,125361
1114,2020-05-08,1735.0,1740.55,1685.65,1689.7,164833
1115,2020-05-11,1715.0,1721.7,1652.45,1658.95,479029
1116,2020-05-12,1626.0,1681.1,1587.5,1674.75,325426
1117,2020-05-13,1749.0,1750.0,1699.4,1712.85,272406
1118,2020-05-14,1685.0,1692.65,1628.0,1632.5,321646
1119,2020-05-15,1640.2,1657.6,1608.1,1635.6,250676
1120,2020-05-18,1635.6,1636.05,1507.0,1512.1,249958
1121,2020-05-19,1557.0,1591.8,1513.9,1540.4,212581
1122,2020-05-20,1547.2,1637.9,1544.75,1626.85,241537
1123,2020-05-21,1640.0,1651.0,1590.6,1596.25,327931
1124,2020-05-22,1581.3,1596.0,1500.6,1516.55,581450
1125,2020-05-26,1523.0,1568.0,1486.45,1502.15,357244
1126,2020-05-27,1515.0,1576.8,1490.0,1571.25,374127
1127,2020-05-28,1587.0,1643.6,1578.0,1625.55,376073
1128,2020-05-29,1619.0,1672.0,1590.5,1659.35,277844
1129,2020-06-01,1700.2,1765.0,1700.2,1737.75,495182
1130,2020-06-02,1735.1,1821.7,1732.05,1814.75,247471
1131,2020-06-03,1835.0,1858.0,1823.05,1836.25,186760
1132,2020-06-04,1820.0,1827.95,1759.85,1763.75,341238
1133,2020-06-05,1774.1,1788.15,1740.85,1766.3,205082
1134,2020-06-08,1790.1,1818.05,1748.75,1761.65,527197
1135,2020-06-09,1769.7,1826.35,1745.7,1771.3,286600
1136,2020-06-10,1759.05,1819.75,1759.05,1809.75,240324
1137,2020-06-11,1809.0,1825.35,1782.0,1787.1,130832
1138,2020-06-12,1717.0,1809.6,1711.0,1792.6,272203
1139,2020-06-15,1789.0,1794.25,1726.25,1752.2,174895
1140,2020-06-16,1785.0,1833.2,1767.75,1822.8,453176
1141,2020-06-17,1805.3,1847.4,1787.65,1794.05,321696
1142,2020-06-18,1785.25,1867.65,1785.25,1855.15,164306
1143,2020-06-19,1860.0,1866.85,1815.0,1839.1,292403
1144,2020-06-22,1847.0,1874.0,1813.0,1818.3,376542
1145,2020-06-23,1822.8,1844.0,1803.85,1838.75,264300
1146,2020-06-24,1835.0,1868.2,1788.6,1797.45,205306
1147,2020-06-25,1775.0,1811.0,1762.4,1780.9,207917
1148,2020-06-26,1795.0,1798.75,1751.05,1769.85,1203784
1149,2020-06-29,1759.5,1770.0,1726.25,1742.5,298243
1150,2020-06-30,1746.0,1791.9,1746.0,1754.65,258320
1151,2020-07-01,1768.9,1840.95,1761.0,1835.25,258139
1152,2020-07-02,1849.0,1898.8,1842.35,1889.3,238641
1153,2020-07-03,1899.5,1916.9,1867.55,1885.85,129113
1154,2020-07-06,1905.0,1908.5,1865.4,1868.85,184047
1155,2020-07-07,1881.2,1892.25,1857.0,1886.75,241846
1156,2020-07-08,1885.1,1906.95,1870.35,1884.6,68868
1157,2020-07-09,1870.2,1947.85,1865.0,1942.0,161665
1158,2020-07-10,1906.0,1932.0,1877.1,1886.25,132320
1159,2020-07-13,1896.0,1909.75,1840.1,1846.5,157217
1160,2020-07-14,1805.0,1830.0,1771.0,1792.15,281623
1161,2020-07-15,1802.35,1820.75,1781.75,1790.2,145456
1162,2020-07-16,1789.0,1794.15,1750.65,1788.05,114492
1163,2020-07-17,1796.45,1822.0,1783.9,1806.0,133148
1164,2020-07-20,1849.0,1849.0,1801.2,1804.7,133758
1165,2020-07-21,1829.0,1900.0,1815.35,1883.4,626193
1166,2020-07-22,1898.95,1898.95,1852.0,1882.6,211461
1167,2020-07-23,1883.0,1910.0,1870.0,1874.6,218757
1168,2020-07-24,1863.0,1863.0,1817.1,1840.95,102568
1169,2020-07-27,1840.8,1861.1,1825.0,1852.3,72919
1170,2020-07-28,1859.0,1907.0,1845.0,1897.35,147395
1171,2020-07-29,1885.0,1917.8,1866.9,1879.5,219098
1172,2020-07-30,1894.0,1900.8,1804.0,1811.0,357831
1173,2020-07-31,1807.0,1809.4,1760.2,1782.85,423934
1174,2020-08-03,1782.85,1782.85,1730.75,1740.1,383009
1175,2020-08-04,1741.2,1794.0,1741.2,1779.3,258403
1176,2020-08-05,1785.3,1810.7,1766.2,1776.9,525308
1177,2020-08-06,1800.0,1804.85,1762.4,1785.65,330613
1178,2020-08-07,1772.1,1781.6,1764.0,1777.95,398250
1179,2020-08-10,1789.0,1810.75,1779.25,1798.7,144483
1180,2020-08-11,1810.0,1846.6,1807.4,1825.35,275902
1181,2020-08-12,1825.35,1837.0,1802.15,1814.95,50317
1182,2020-08-13,1819.0,1822.25,1798.95,1805.05,245457
1183,2020-08-14,1807.0,1822.45,1773.0,1791.95,135125
1184,2020-08-17,1800.1,1807.5,1782.85,1800.15,87843
1185,2020-08-18,1805.95,1825.0,1795.0,1820.15,80808
1186,2020-08-19,1828.0,1835.0,1819.05,1828.2,96680
1187,2020-08-20,1800.5,1823.25,1782.35,1785.15,111329
1188,2020-08-21,1797.2,1822.9,1787.05,1802.0,73700
1189,2020-08-24,1819.65,1848.85,1816.95,1828.85,73184
1190,2020-08-25,1842.15,1852.0,1817.9,1830.1,54685
1191,2020-08-26,1837.0,1839.95,1805.4,1815.15,65095
1192,2020-08-27,1834.0,1882.95,1830.05,1862.75,195853
1193,2020-08-28,1875.0,1889.0,1863.3,1882.4,66292
1194,2020-08-31,1893.25,1921.5,1796.9,1832.65,120759
1195,2020-09-01,1830.05,1883.1,1830.0,1850.55,107206
1196,2020-09-02,1845.1,1850.0,1810.0,1827.5,741043
1197,2020-09-03,1831.0,1842.75,1803.7,1809.55,72614
1198,2020-09-04,1799.0,1799.0,1762.4,1770.0,173775
1199,2020-09-07,1770.0,1801.35,1760.7,1790.65,141429
1200,2020-09-08,1789.0,1792.95,1773.3,1777.55,64019
1201,2020-09-09,1752.0,1777.55,1752.0,1760.95,99451
1202,2020-09-10,1785.0,1792.7,1759.75,1777.15,100529
1203,2020-09-11,1772.0,1785.6,1760.15,1768.2,48469
1204,2020-09-14,1780.0,1796.45,1729.0,1737.3,1781880
1205,2020-09-15,1755.0,1777.0,1744.95,1758.8,65544
1206,2020-09-16,1768.0,1774.0,1744.9,1768.0,293964
1207,2020-09-17,1755.0,1770.95,1737.05,1744.35,46148
1208,2020-09-18,1755.0,1755.0,1709.0,1722.8,75575
1209,2020-09-21,1715.1,1747.15,1702.35,1708.95,56645
1210,2020-09-22,1706.0,1714.0,1672.2,1675.6,128862
1211,2020-09-23,1688.0,1696.0,1650.6,1667.1,93916
1212,2020-09-24,1644.0,1655.0,1623.0,1637.8,202127
1213,2020-09-25,1657.8,1657.8,1628.6,1651.8,88940
1214,2020-09-28,1674.0,1692.05,1660.0,1682.4,991454
1215,2020-09-29,1694.75,1719.7,1682.0,1713.2,108178
1216,2020-09-30,1715.0,1744.0,1702.85,1739.3,782813
1217,2020-10-01,1747.5,1799.0,1747.5,1789.9,80492
1218,2020-10-05,1789.9,1816.0,1775.55,1785.35,84452
1219,2020-10-06,1804.4,1943.0,1804.4,1934.45,683014
1220,2020-10-07,1941.4,1965.0,1908.25,1949.8,214480
1221,2020-10-08,1946.0,1988.0,1938.35,1948.3,136276
1222,2020-10-09,1938.0,2028.85,1938.0,1957.25,206281
1223,2020-10-12,1970.0,1998.95,1943.0,1965.85,63494
1224,2020-10-13,1957.55,1985.7,1930.95,1942.85,75741
1225,2020-10-14,1941.7,1988.85,1918.25,1978.75,52719
1226,2020-10-15,1987.45,2020.0,1938.9,1947.1,827362
1227,2020-10-16,1948.5,1982.9,1940.0,1960.05,57504
1228,2020-10-19,1978.0,2039.45,1978.0,2033.7,132431
1229,2020-10-20,2023.5,2040.5,2005.0,2016.25,79254
1230,2020-10-21,2035.0,2066.6,2005.2,2048.1,127134
1231,2020-10-22,2033.25,2062.4,2023.0,2042.55,109884
1232,2020-10-23,2056.0,2067.0,2046.3,2061.1,55422
1233,2020-10-26,2040.0,2083.65,2036.0,2073.5,80741
1234,2020-10-27,2051.0,2063.85,2027.0,2039.15,80210
1235,2020-10-28,2041.25,2041.25,1965.0,1969.05,845346
1236,2020-10-29,1937.1,1970.0,1927.85,1934.25,90254
1237,2020-10-30,1934.0,1947.0,1907.7,1922.75,50371
1238,2020-11-02,1929.95,2065.0,1921.0,2042.65,223532
1239,2020-11-03,2035.0,2139.7,2029.95,2130.95,602638
1240,2020-11-04,2117.0,2135.0,2056.05,2087.85,146697
1241,2020-11-05,2115.0,2119.0,2084.0,2098.9,123905
1242,2020-11-06,2098.9,2145.0,2098.9,2137.05,101625
1243,2020-11-09,2146.0,2169.9,2139.0,2150.95,83009
1244,2020-11-10,2180.1,2288.8,2180.0,2271.85,439380
1245,2020-11-11,2284.0,2337.2,2273.35,2324.2,241209
1246,2020-11-12,2300.0,2343.3,2268.1,2330.7,99466
1247,2020-11-13,2325.0,2325.0,2285.0,2306.4,759502
1248,2020-11-14,2323.2,2329.0,2304.6,2311.85,13149
1249,2020-11-17,2336.0,2364.35,2308.8,2347.15,190974
1250,2020-11-18,2340.0,2369.25,2320.65,2363.6,74354
1251,2020-11-19,2340.0,2351.25,2310.75,2324.7,761693
1252,2020-11-20,2326.0,2385.5,2326.0,2333.75,141045
1253,2020-11-23,2340.0,2345.0,2229.05,2250.8,135002
1254,2020-11-24,2270.0,2272.0,2211.0,2217.65,826716
1255,2020-11-25,2225.0,2252.45,2179.45,2190.3,170986
1256,2020-11-26,2190.0,2244.25,2188.0,2238.55,154414
1257,2020-11-27,2243.9,2272.0,2203.0,2257.55,198253
1258,2020-12-01,2240.0,2323.35,2218.15,2304.95,240036
1259,2020-12-02,2300.0,2303.4,2254.0,2275.55,63840
1260,2020-12-03,2281.15,2288.5,2235.2,2253.9,696720
1261,2020-12-04,2225.0,2284.6,2225.0,2246.15,2175940
1262,2020-12-07,2246.4,2308.9,2222.2,2303.25,238855
1263,2020-12-08,2320.0,2339.9,2294.55,2309.85,166552
1264,2020-12-09,2345.0,2345.0,2280.35,2305.2,4383991
1265,2020-12-10,2300.0,2303.1,2267.2,2289.7,47063
1266,2020-12-11,2300.0,2317.0,2272.05,2296.1,870878
1267,2020-12-14,2305.0,2315.35,2270.8,2300.5,2058339
1268,2020-12-15,2296.4,2357.75,2283.0,2350.9,280487
1269,2020-12-16,2374.0,2443.4,2366.1,2424.05,320961
1270,2020-12-17,2431.15,2509.0,2425.0,2494.9,339983
1271,2020-12-18,2484.0,2489.0,2432.0,2478.95,162756
1272,2020-12-21,2462.1,2478.1,2369.7,2412.15,97429
1273,2020-12-22,2406.2,2441.4,2361.0,2401.2,407822
1274,2020-12-23,2397.1,2420.0,2377.05,2400.7,127335
1275,2020-12-24,2413.35,2464.35,2413.0,2454.25,145970
1276,2020-12-28,2468.0,2485.0,2436.55,2473.15,214890
1277,2020-12-29,2479.9,2529.0,2478.0,2520.65,119567
1278,2020-12-30,2521.0,2524.0,2483.15,2516.95,73386
1279,2020-12-31,2528.8,2575.0,2505.75,2558.6,120919
1280,2021-01-01,2545.0,2593.0,2541.3,2569.65,60809
1281,2021-01-04,2580.0,2591.35,2533.55,2579.35,138041
1282,2021-01-05,2592.7,2658.55,2571.75,2651.15,240151
1283,2021-01-06,2661.0,2663.25,2619.0,2636.35,102818
1284,2021-01-07,2666.0,2709.0,2647.0,2661.6,704824
1285,2021-01-08,2660.0,2671.25,2631.05,2653.4,85824
1286,2021-01-11,2690.0,2762.55,2667.35,2751.65,152062
1287,2021-01-12,2732.1,2759.95,2719.0,2746.0,93924
1288,2021-01-13,2758.0,2777.7,2650.8,2670.25,94015
1289,2021-01-14,2671.0,2698.95,2647.4,2684.3,696984
1290,2021-01-15,2667.0,2687.95,2616.35,2631.95,118568
1291,2021-01-18,2640.1,2649.4,2550.0,2566.4,95208
1292,2021-01-19,2582.0,2680.0,2575.75,2654.9,87635
1293,2021-01-20,2671.1,2712.0,2623.0,2688.75,195513
1294,2021-01-21,2685.0,2697.9,2641.8,2662.75,186712
1295,2021-01-22,2660.0,2678.0,2583.0,2589.3,222128
1296,2021-01-25,2629.95,2667.1,2543.3,2551.6,78698
1297,2021-01-27,2545.0,2546.3,2458.1,2466.65,106796
1298,2021-01-28,2422.1,2453.15,2395.85,2425.75,1011201
1299,2021-01-29,2495.0,2495.0,2365.4,2377.75,68418
1300,2021-02-01,2410.0,2602.3,2394.6,2582.55,205227
1301,2021-02-02,2621.0,2761.95,2610.25,2657.65,320733
1302,2021-02-03,2705.0,2733.6,2618.0,2703.85,115645
1303,2021-02-04,2710.0,2739.95,2658.65,2707.85,758535
1304,2021-02-05,2728.55,2768.0,2696.95,2721.25,149634
1305,2021-02-08,2755.0,2760.35,2711.0,2735.55,342129
1306,2021-02-09,2755.0,2783.7,2711.0,2747.3,123471
1307,2021-02-10,2740.05,2779.0,2740.0,2770.5,95413
1308,2021-02-11,2735.0,2767.0,2735.0,2758.65,57757
1309,2021-02-12,2754.0,2808.75,2737.0,2790.35,104005
1310,2021-02-15,2815.05,2866.5,2805.65,2860.4,101208
1311,2021-02-16,2879.0,2895.35,2839.75,2856.55,82198
1312,2021-02-17,2856.0,2856.0,2789.0,2804.4,96679
1313,2021-02-18,2805.0,2805.35,2730.0,2744.75,71273
1314,2021-02-19,2730.0,2765.15,2714.05,2735.45,145109
1315,2021-02-22,2735.45,2739.8,2638.95,2652.3,107802
1316,2021-02-23,2660.2,2678.95,2621.3,2625.9,60285
1317,2021-02-24,2615.05,2723.0,2611.0,2706.2,534863
1318,2021-02-25,2733.0,2739.0,2677.65,2684.0,719747
1319,2021-02-26,2622.35,2631.3,2521.0,2539.05,164975
1320,2021-03-01,2559.0,2614.95,2549.0,2607.3,101198
1321,2021-03-02,2619.0,2619.0,2542.0,2564.9,147854
1322,2021-03-03,2600.0,2666.0,2595.0,2652.8,140831
1323,2021-03-04,2616.6,2616.6,2569.0,2583.2,631843
1324,2021-03-05,2550.0,2579.95,2523.5,2543.25,262922
1325,2021-03-08,2548.2,2559.4,2507.0,2509.95,57526
1326,2021-03-09,2514.0,2584.6,2514.0,2577.2,42505
1327,2021-03-10,2587.75,2608.7,2581.1,2599.75,102036
1328,2021-03-12,2640.0,2660.75,2557.3,2567.85,76444
1329,2021-03-15,2558.15,2568.05,2495.55,2535.15,120178
1330,2021-03-16,2560.7,2560.7,2503.45,2510.75,37909
1331,2021-03-17,2496.0,2542.0,2496.0,2513.85,63414
1332,2021-03-18,2545.0,2561.2,2500.3,2516.55,55118
1333,2021-03-19,2480.1,2567.35,2480.1,2532.15,150864
1334,2021-03-22,2539.0,2546.95,2485.5,2534.5,85195
1335,2021-03-23,2524.0,2541.0,2493.0,2509.3,125645
1336,2021-03-24,2490.0,2503.0,2447.55,2466.4,50008
1337,2021-03-25,2461.15,2491.25,2430.8,2472.45,175024
1338,2021-03-26,2499.0,2547.8,2492.0,2531.9,141239
1339,2021-03-30,2566.0,2617.75,2554.85,2604.6,86399
1340,2021-03-31,2608.0,2608.0,2490.8,2498.95,129334
1341,2021-04-01,2524.0,2538.0,2480.45,2530.95,151856
1342,2021-04-05,2587.2,2587.2,2413.35,2446.0,164674
1343,2021-04-06,2472.0,2486.05,2436.0,2472.8,314758
1344,2021-04-07,2480.0,2507.0,2457.25,2481.8,100767
1345,2021-04-08,2508.8,2530.65,2486.95,2502.2,870900
1346,2021-04-09,2503.0,2556.75,2492.2,2514.25,106228
1347,2021-04-12,2434.8,2455.55,2405.0,2420.65,166624
1348,2021-04-13,2420.0,2522.3,2413.5,2512.25,88693
1349,2021-04-15,2542.0,2552.2,2493.15,2547.0,1243773
1350,2021-04-16,2558.8,2590.0,2546.15,2573.55,203101
1351,2021-04-19,2492.0,2510.0,2453.0,2493.75,203818
1352,2021-04-20,2535.05,2540.0,2406.2,2414.9,107824
1353,2021-04-22,2405.0,2485.05,2373.3,2479.3,384597
1354,2021-04-23,2459.2,2504.5,2438.0,2497.3,221537
