Date,Open,High,Low,Price
03-11-15,17436.5,17466.2,17265.05,17325.6
04-11-15,17449,17449,17175.65,17221.05
05-11-15,17166.45,17166.45,16957.35,16995.1
06-11-15,17003,17143.6,16911.6,17086.5
09-11-15,16667.9,17069,16587.25,17003
10-11-15,16895.2,17047.3,16805.05,16836
11-11-15,16836,17016.8,16836,16956
13-11-15,16829.3,16962.55,16741.8,16932.85
16-11-15,16881.65,17230.5,16855.5,17184.9
17-11-15,17302.55,17302.55,17028.2,17140.45
18-11-15,17108.9,17186.7,16787.55,16812.1
19-11-15,16944.35,17110.35,16874.7,17071.9
20-11-15,17022.7,17262.85,16931.3,17055.6
23-11-15,17120.25,17126.35,16969.35,17060.25
24-11-15,17012.85,17108.4,16964.9,16988.65
26-11-15,16988.2,17111.45,16972.6,17036.55
27-11-15,17095.2,17403.65,17049.55,17370.95
30-11-15,17336.25,17498.35,17336.25,17430.4
01-12-15,17456.75,17495.45,17353.85,17398.55
02-12-15,17457.15,17470.85,17164,17218.5
03-12-15,17137.8,17219,17080.25,17110.1
04-12-15,17009.45,17009.45,16880.35,16897.3
07-12-15,17018,17031.85,16921.75,16947
08-12-15,16888.65,16943.05,16783.65,16801.15
09-12-15,16762.15,16868.6,16626.55,16660.75
10-12-15,16697.2,16745.25,16573.15,16711.05
11-12-15,16751.35,16758.7,16260.1,16342.5
14-12-15,16212.4,16440.85,16205.8,16350.65
15-12-15,16342.35,16425.15,16188.05,16398.65
16-12-15,16464.5,16640.4,16363.9,16579.4
17-12-15,16704.05,16771.8,16544.65,16741.5
18-12-15,16719.45,16737.7,16572.75,16594.3
21-12-15,16593.4,16848.6,16580.65,16825.15
22-12-15,16810.7,16946.1,16704.15,16749.2
23-12-15,16828.35,16913.15,16812.5,16882.5
24-12-15,16926.95,16939.6,16756.9,16811
28-12-15,16843.4,17019,16843.4,16979.15
29-12-15,16988.3,17045.55,16921.15,16991.45
30-12-15,16997.5,17011.3,16889.05,16917.9
31-12-15,16916.05,16972.25,16896.65,16922.2
01-01-16,16932.5,17067.45,16824.05,17039.25
04-01-16,16966.35,16966.35,16575.45,16599.15
05-01-16,16652.05,16670.2,16474.85,16542.5
06-01-16,16505.45,16614.95,16377.65,16433.15
07-01-16,16256.55,16256.55,16049.75,16073.85
08-01-16,16135.4,16229,16104.1,16142.65
11-01-16,15979.05,16156.8,15840.6,16016.25
12-01-16,16080.4,16080.4,15699.4,15734.8
13-01-16,15835.05,15956.25,15532.25,15871.85
14-01-16,15612.1,15803.2,15453.4,15609.8
15-01-16,15621.85,15650.7,15154.35,15206.3
18-01-16,15165.2,15270.4,14956.95,15020.8
19-01-16,15086.75,15338.2,15086.75,15269.65
20-01-16,15059.5,15533.45,14754.65,14935.5
21-01-16,15132.2,15364.6,14918.15,15101.2
22-01-16,15343.15,15575.65,15274.9,15497.55
25-01-16,15667,15682.65,15495.1,15561.15
27-01-16,15648.4,15673.95,15442.2,15534.6
28-01-16,15569.55,15572.2,15349.75,15381.45
29-01-16,15140.15,15554.9,15136.85,15522.4
01-02-16,15547.75,15565.5,15281.35,15314.45
02-02-16,15353.6,15463.45,15018.85,15068
03-02-16,14897.4,14947.8,14777.75,14834.05
04-02-16,14969.2,14978.35,14761.4,14869.15
05-02-16,14928.25,15211.9,14890.9,15162.05
08-02-16,15206.3,15367.9,14960.1,15046.8
09-02-16,14830.4,14964.9,14760.8,14875.1
10-02-16,14740.2,14779.15,14490.2,14588.45
11-02-16,14518.65,14530.8,13969.85,14028.55
12-02-16,14088.6,14154.55,13810.6,13971.5
15-02-16,14120.9,14548.15,14120.5,14445
16-02-16,14602.25,14602.25,14136.8,14166.45
17-02-16,14165.25,14186.1,13892.1,14119.85
18-02-16,14301.75,14385.65,14180.9,14298.15
19-02-16,14243.45,14395.85,14207.35,14344.2
22-02-16,14331.2,14467.15,14322.65,14384.8
23-02-16,14373.3,14373.3,13961.75,14008.35
24-02-16,13873.7,13974.5,13760.25,13794.05
25-02-16,13844.45,13844.45,13519.9,13555.7
26-02-16,13715.1,13889.25,13595.2,13791.45
29-02-16,13818.9,14222.3,13407.25,13946.4
01-03-16,14064.8,14445.7,14064.8,14412.9
02-03-16,14770.35,15138.7,14767.3,15092.45
03-03-16,15150.05,15206.25,15000.05,15177.75
04-03-16,15243.75,15451.75,15005.5,15339.2
08-03-16,15323.45,15326.65,15066.5,15146.5
09-03-16,15022.35,15331.25,14989.4,15279.05
10-03-16,15347.45,15354.15,15098.5,15180.65
11-03-16,15133.75,15343.55,15024.8,15168.2
14-03-16,15309.05,15416.15,15220.15,15277.8
15-03-16,15310.45,15386.85,15268.1,15326.8
16-03-16,15304.35,15489.5,15178.3,15461.7
17-03-16,15622.3,15704.75,15312.5,15444
18-03-16,15485.8,15678.55,15456.2,15654.85
21-03-16,15735.55,15945.8,15735.55,15926.1
22-03-16,15930.45,15967.85,15779.15,15936
23-03-16,15884.25,15919.6,15799.95,15887.75
28-03-16,15867.75,15890.7,15522.2,15604.9
29-03-16,15583.1,15774.1,15580.8,15666.25
30-03-16,15829.6,16167.5,15762.2,16134.85
31-03-16,16134.4,16282.75,16062.05,16141.65
01-04-16,16099.65,16235.8,16020.6,16174.9
04-04-16,16236.9,16278.5,16046.5,16190.6
05-04-16,16127.45,16147.15,15659.75,15695
06-04-16,15750.15,15768.55,15578.55,15636.95
07-04-16,15668.95,15726.6,15458.05,15530.75
08-04-16,15519.3,15642.7,15483.05,15568.35
11-04-16,15623.35,15853.85,15440.25,15818.5
12-04-16,15809.1,15958.8,15794.15,15880.2
13-04-16,16087.95,16349.7,16080.55,16278.55
18-04-16,16328.7,16330.55,16011.9,16222.7
20-04-16,16299.5,16386.35,16160.55,16349.7
21-04-16,16526.55,16769.55,16526.55,16637.15
22-04-16,16641.05,16755.85,16549.1,16703.4
25-04-16,16746.95,16767.9,16605,16678.65
26-04-16,16647.75,17029.85,16572,17002.55
27-04-16,16869.35,16995,16827.35,16872.95
28-04-16,16885.8,17023.35,16692.7,16716.9
29-04-16,16712.95,16841.3,16527.55,16795
02-05-16,16614,16674.15,16519.55,16543
03-05-16,16570.75,16719.4,16358.4,16388.7
04-05-16,16320.1,16465.6,16250.5,16274.25
05-05-16,16292.4,16398.25,16193.7,16281
06-05-16,16264.45,16346.25,16186.25,16296.6
09-05-16,16357,16712.9,16357,16686.1
10-05-16,16710.05,16812.2,16613.9,16784.95
11-05-16,16544.25,16861.95,16518.75,16754.45
12-05-16,16881.25,16962,16779.5,16923.7
13-05-16,16891.7,16891.7,16594.55,16716.9
16-05-16,16744.15,16780.05,16431.65,16737.55
17-05-16,16818.4,16903.35,16738.7,16762.75
18-05-16,16671.7,16759.05,16556.6,16728.95
19-05-16,16725.45,16726.15,16535.75,16565.25
20-05-16,16600.8,16623.2,16455.4,16481.45
23-05-16,16560.15,16604.15,16368,16407.55
24-05-16,16422.35,16501.05,16368.6,16456.65
25-05-16,16600.65,17025.85,16599.05,16997.45
26-05-16,17037.6,17424.05,16971.35,17359.3
27-05-16,17348.35,17543.3,17327.65,17511.8
30-05-16,17580.85,17666.05,17484.8,17520.65
31-05-16,17615.1,17648.25,17462.2,17620.9
01-06-16,17670.85,17670.85,17392.85,17423.45
02-06-16,17405.15,17596.4,17350.45,17567.8
03-06-16,17657.2,17762.05,17649.05,17680.8
06-06-16,17710.45,17754.15,17636.9,17671.4
07-06-16,17796.55,18000.95,17713.35,17948.15
08-06-16,17976.25,17995.8,17855.2,17946.8
09-06-16,17955.8,17986.15,17801.55,17887.7
10-06-16,17830.2,18051.5,17815.25,17828.6
13-06-16,17620.55,17666.55,17527.55,17593.95
14-06-16,17698.95,17719.85,17575.95,17672.4
15-06-16,17746.05,17943.65,17659.6,17917.9
16-06-16,17827.6,17827.6,17545.8,17671.3
17-06-16,17772.3,17843.15,17590.75,17696.05
20-06-16,17425.8,17779,17425.8,17718.6
21-06-16,17761.65,17763.3,17585.65,17619.1
22-06-16,17610.1,17755.25,17518.15,17626.05
23-06-16,17630.8,17907.5,17611,17892.45
24-06-16,17213.85,17459.2,16946.35,17426.05
27-06-16,17346.3,17611.2,17346.3,17514.95
28-06-16,17497,17626.7,17481.5,17561.55
29-06-16,17643.65,17728.95,17580.5,17689.9
30-06-16,17825.3,17975.05,17795.9,17935.4
01-07-16,18019.7,18074.95,17955.3,17985.65
04-07-16,18091.75,18146.35,18054.8,18097.65
05-07-16,18122.4,18124.1,17989.6,18004.25
07-07-16,18036.3,18146.55,17997.1,18084.9
08-07-16,18078.05,18079.2,17910.9,18016.25
11-07-16,18268.15,18409.45,18243.3,18390.95
12-07-16,18527.85,18684.45,18464.15,18667.6
13-07-16,18704.9,18711.6,18546.25,18618.95
14-07-16,18633.5,18880.9,18580.2,18863.75
15-07-16,18887.9,19016.1,18772.45,18953.65
18-07-16,18998.3,19158,18885,18923.4
19-07-16,18970.15,19030.05,18833.6,18905.15
20-07-16,18896.8,19016.25,18886.3,18968.2
21-07-16,18967.4,19000.3,18644.55,18674.3
22-07-16,18697.8,18735.4,18551.3,18690.4
25-07-16,18594.95,19035.35,18572.1,18989.6
26-07-16,18979.1,19044.45,18814.25,18860.85
27-07-16,18908.45,19125,18882.4,19021.95
28-07-16,19050.4,19126.75,18998.8,19076.55
29-07-16,19047.05,19070.15,18912.6,18953.15
01-08-16,18896.5,19078.5,18634.4,18740.6
02-08-16,18783.6,18866.55,18671.85,18708.25
03-08-16,18680.95,18775.4,18542.6,18602
04-08-16,18724.9,18724.9,18443.65,18571.7
05-08-16,18725.2,18943.15,18708.25,18925.95
08-08-16,18986.75,19028.7,18896,18939.45
09-08-16,18968.65,19008.15,18838.6,18933.3
10-08-16,18966.85,18985.25,18611.25,18647.8
11-08-16,18621,18699.2,18537.1,18640.4
12-08-16,18698.3,18986.8,18695.5,18963.7
16-08-16,19029.1,19062.2,18839.4,19002.15
17-08-16,19044.55,19138.35,18966.35,19041.25
18-08-16,19087.2,19367.45,19083,19352.8
19-08-16,19419,19457.4,19327.2,19414.7
22-08-16,19432.6,19493.2,19252.75,19330.25
23-08-16,19311.9,19372.65,19246.9,19341.65
24-08-16,19358.7,19392.2,19284.35,19355.6
25-08-16,19383.7,19432.75,19282.8,19304.25
26-08-16,19336.45,19358,19133.9,19195.75
29-08-16,19174.45,19247.85,19096.7,19217
30-08-16,19306.5,19546.35,19306.5,19531.55
31-08-16,19595.9,19823.4,19595.9,19787.6
01-09-16,19805.8,19928.2,19738.3,19788.85
02-09-16,19830.35,19911.25,19787.6,19883.2
06-09-16,19990.95,20459.45,19990.95,20426.2
07-09-16,20505.8,20575.8,20376.75,20406.9
08-09-16,20439.2,20477.4,20335.2,20417.25
09-09-16,20274.75,20349.7,20139.15,20245.3
12-09-16,19861.45,19861.45,19735.55,19790.6
14-09-16,19757.05,19953.15,19732.15,19909.15
15-09-16,19927.6,19955.4,19730.25,19837.55
16-09-16,19935.85,20227.2,19783.6,19855.45
19-09-16,19892.2,20014.4,19849.65,19906.85
20-09-16,19957.35,19964.3,19797.5,19852.3
21-09-16,19902.7,19937.85,19749.95,19828.45
22-09-16,20153.1,20264.8,19996.9,20109.6
23-09-16,20136.75,20137.55,19861.45,19901.8
26-09-16,19792.2,19794.15,19568.35,19591.75
27-09-16,19652.95,19696.45,19479.15,19518.7
28-09-16,19542,19700,19509.65,19653.55
29-09-16,19762.3,19793.2,19059.05,19183.65
30-09-16,19116,19330.85,19085.2,19285.7
03-10-16,19395.55,19611.25,19363.95,19589.05
04-10-16,19641.75,19747.45,19527.35,19672.7
05-10-16,19801.3,19816.5,19492.8,19536.85
06-10-16,19518.55,19570.7,19325.8,19395.05
07-10-16,19398.05,19456,19318,19400.1
10-10-16,19489.5,19501.45,19351.35,19378.55
13-10-16,19295.55,19295.55,18824.4,18954.25
14-10-16,19016.7,19053.5,18926.15,19020.15
17-10-16,19136.3,19241.75,19002.45,19070.4
18-10-16,19174.7,19511.8,19162.85,19495.05
19-10-16,19570.05,19576.3,19322.75,19412.1
20-10-16,19493.9,19722.85,19479.25,19658.7
21-10-16,19636.4,19744,19516.4,19710.9
24-10-16,19763.85,19897.85,19751.65,19807.9
25-10-16,19907.7,19922.7,19711.95,19834.9
26-10-16,19581.7,19725.9,19434.5,19483.6
27-10-16,19452,19544.2,19252.1,19514.6
28-10-16,19507.85,19589.7,19362,19555.95
30-10-16,19657.8,19666.8,19484.65,19523.55
01-11-16,19578.6,19591.65,19417.3,19458.6
02-11-16,19223.5,19296.55,19158.75,19227.9
03-11-16,19201.95,19319.65,19119.3,19178.7
04-11-16,19223.85,19223.9,18961.15,19058.1
07-11-16,19317.85,19378,19233,19356
08-11-16,19490.75,19549.45,19322.15,19500.8
09-11-16,18270.9,19587.8,18143.7,19518.25
10-11-16,19827.5,20283.15,19787.45,20200.25
11-11-16,20033.85,20309.65,19704.35,19738.8
15-11-16,19808.35,19861.75,19240.45,19289.75
16-11-16,19591.25,19611.9,19088.4,19108.1
17-11-16,19115.9,19328.75,19009.85,19087.85
18-11-16,19180.3,19216.35,18897.1,18959.05
21-11-16,19063.8,19075.95,18351.25,18446.4
22-11-16,18626.7,18650.5,18322.7,18548.65
23-11-16,18660.55,18669.05,18449.7,18540.9
24-11-16,18476,18476.35,18215.8,18256.1
25-11-16,18377.55,18546.35,18266.6,18507.3
28-11-16,18237.2,18471.65,18187.4,18301.45
29-11-16,18308.8,18427.4,18188.7,18223.75
30-11-16,18306.1,18667.85,18262.5,18627.8
01-12-16,18676.75,18713.1,18389.65,18428.45
02-12-16,18329.4,18490.5,18163.8,18247.65
05-12-16,18245,18434.25,18189.5,18408.9
06-12-16,18459.7,18499.75,18365.95,18420.9
07-12-16,18515.5,18588.75,17952.6,18234.15
08-12-16,18342.6,18558.75,18336.95,18515.45
09-12-16,18567.95,18739.65,18432.3,18695.8
12-12-16,18616.05,18616.05,18364.05,18392.95
13-12-16,18354.1,18492.85,18291.35,18466.05
14-12-16,18480.35,18485.45,18322.9,18341.5
15-12-16,18143.5,18532,18122.1,18401.15
16-12-16,18417.9,18428.45,18268.3,18312.8
19-12-16,18258.1,18316.8,18215.5,18257.05
20-12-16,18264.1,18274.9,18009.8,18069.4
21-12-16,18124.6,18167.15,18043.95,18084.5
22-12-16,18027,18029.6,17839.75,17891.45
23-12-16,17849.25,17962.3,17819.75,17884
26-12-16,17825.5,17860.85,17606.9,17655.55
27-12-16,17677.7,17907.35,17616.1,17879.55
28-12-16,17929.2,18059.65,17829.15,17876.7
29-12-16,17861.45,18053.3,17829.4,18033.15
30-12-16,18026.35,18245.75,18016.8,18177.2
02-01-17,18242.3,18249,17844.9,17969.6
03-01-17,18002.75,18115.05,17830.95,18035.6
04-01-17,18037.45,18092.85,17868.9,17891
05-01-17,18000.75,18164.05,17977.8,18115.95
06-01-17,18168.45,18325.5,18157.3,18264
09-01-17,18314.25,18373.1,18256.15,18286.65
10-01-17,18351.45,18441.15,18275.75,18409.6
11-01-17,18535.35,18889.45,18515.25,18830
12-01-17,18885.45,18966.3,18805.85,18873.95
13-01-17,18949.7,18952.25,18781.25,18912.1
16-01-17,18899.7,19134.5,18865.25,19096.45
17-01-17,19128.15,19202.25,18981.85,19067.05
18-01-17,19074.85,19276.5,19072.1,19164.5
19-01-17,19165.35,19185.3,19046.1,19124.25
20-01-17,18996.6,19071.65,18793.05,18820.8
23-01-17,18762,18909.65,18722.85,18842.7
24-01-17,18931,19054.3,18906.95,19023.5
25-01-17,19120.05,19518.45,19114.15,19473.2
27-01-17,19588.4,19794.95,19534.9,19708.3
30-01-17,19718.8,19767.05,19561.1,19585.25
31-01-17,19533.2,19624.1,19435.45,19515.15
01-02-17,19522.4,20047.85,19470.95,20020.6
02-02-17,20053.95,20146.9,19915.2,20070.3
03-02-17,20061.9,20229.65,20009.95,20196.8
06-02-17,20307.15,20462.45,20298.05,20371.6
07-02-17,20367.3,20426.95,20281.5,20327.25
08-02-17,20335.25,20362.8,20070.15,20245.4
09-02-17,20312.65,20406.6,20000.35,20151.15
10-02-17,20225.75,20310,20167.1,20213.9
13-02-17,20273.65,20308.7,20116.9,20251.8
14-02-17,20304.5,20314.05,20158.85,20258.1
15-02-17,20282.1,20368.2,20115.85,20163.7
16-02-17,20243.25,20295.55,20088.2,20243.7
17-02-17,20918.45,21042.35,20449.65,20551.35
20-02-17,20494.85,20702.6,20472.4,20677.1
21-02-17,20695.9,20903.35,20619.25,20860.95
22-02-17,20937.6,20958.25,20829.65,20868.45
23-02-17,20887.65,21011.9,20828.4,20876.65
27-02-17,20853.45,20853.45,20584.75,20613.05
28-02-17,20632.85,20681.3,20560.6,20607.25
01-03-17,20698.9,20833.75,20678.75,20783.75
02-03-17,20885,20905,20516.9,20560.05
03-03-17,20572.85,20580.45,20423.35,20495.6
06-03-17,20548.95,20727.5,20532.2,20663.65
07-03-17,20685.95,20701.25,20585.95,20627.5
08-03-17,20630.15,20715.2,20534.25,20676.55
09-03-17,20620.55,20780.25,20603.9,20721.35
10-03-17,20825.9,20876.95,20648.8,20727.55
14-03-17,21189.85,21274.45,21059.7,21102.7
15-03-17,21089.4,21216.9,21063.95,21157.9
16-03-17,21237.5,21289.8,21194.25,21249.9
17-03-17,21308.45,21336.05,21127.95,21175.05
20-03-17,21202.55,21202.55,21084.8,21110.25
21-03-17,21110.65,21146.5,20967,21019
22-03-17,20815.35,20899,20753.9,20781.35
23-03-17,20848.75,20934.75,20775.35,20895.5
24-03-17,20987.6,21174.1,20929.15,21122.55
27-03-17,21178.1,21179.2,20979.55,21056.9
28-03-17,21229,21264.95,21145,21225.4
29-03-17,21291.45,21418.6,21255.75,21391.15
30-03-17,21374.35,21696,21331.9,21620.7
31-03-17,21551.85,21574.15,21414,21444.15
03-04-17,21539.2,21564.25,21408.6,21547.75
05-04-17,21602.2,21699.3,21499.75,21652.7
06-04-17,21572.7,21674,21488.9,21622.95
07-04-17,21536.5,21616.85,21397,21431.15
10-04-17,21492.05,21552.1,21396.05,21520.15
11-04-17,21521.45,21753.35,21483.55,21736.15
12-04-17,21735.65,21787.1,21551.75,21666.8
13-04-17,21651.25,21758.85,21627,21686.6
17-04-17,21700.5,21743.3,21576.75,21647.6
18-04-17,21706.05,21947,21634.15,21671.85
19-04-17,21674.1,21706.3,21470.2,21556.35
20-04-17,21419.45,21558.85,21396,21491.4
21-04-17,21567.5,21614.55,21386.2,21551.45
24-04-17,21591.9,21884.85,21578.65,21857.4
25-04-17,21960.65,22093.25,21900.3,22054.7
26-04-17,22158.65,22276.05,21814.9,22242.85
27-04-17,22274.05,22380.85,22169.8,22326.3
28-04-17,22296.8,22383,22182.55,22358.25
02-05-17,22412.55,22492.15,22266.15,22341.35
03-05-17,22445.85,22449,22240.05,22307.3
04-05-17,22618.3,22743.7,22449.9,22720.1
05-05-17,22844.85,22853.55,22514,22604.95
08-05-17,22678.45,22835.15,22632.5,22767.35
09-05-17,22820.8,22835.35,22664.35,22707.3
10-05-17,22767.75,22859.4,22742.05,22830.35
11-05-17,22916.05,22977.85,22764.65,22818.45
12-05-17,22840.4,22859.15,22578,22671.7
15-05-17,22735.85,22891.7,22730.35,22821.5
16-05-17,22857.6,22944.1,22727.65,22928.6
17-05-17,22972.35,22978.15,22830.1,22935.95
18-05-17,22750.45,22834.55,22660.2,22698.6
19-05-17,22761.95,22902.25,22628.45,22769.8
22-05-17,22874.8,22918.35,22637.75,22652.85
23-05-17,22674.9,22740.4,22492.2,22582.8
24-05-17,22624.5,22673.4,22469.8,22536.3
25-05-17,22573.65,23267.8,22570.35,23190.8
26-05-17,23151.4,23408.35,23092.35,23362.2
29-05-17,23310.6,23464,23141.15,23182.75
30-05-17,23142.1,23337.15,23093.95,23307.25
31-05-17,23321.2,23469.45,23248.5,23424.8
01-06-17,23394.1,23396.15,23224.05,23310.15
02-06-17,23435.2,23453.3,23308.4,23375.9
05-06-17,23397.4,23494.7,23349.95,23459.65
06-06-17,23523.05,23536.1,23381.7,23416.3
07-06-17,23482.85,23606.15,23427.55,23567.65
08-06-17,23630.35,23659.1,23514.2,23536.1
09-06-17,23483.95,23708.65,23476.85,23690.9
12-06-17,23610.15,23630.1,23441.8,23470.45
13-06-17,23447,23615.2,23446.9,23477.85
14-06-17,23555.3,23562.8,23399.4,23498.7
15-06-17,23444.7,23473.3,23311.85,23391.75
16-06-17,23448.6,23527.65,23391,23502.75
19-06-17,23571.35,23806.65,23535.7,23742.15
20-06-17,23720.6,23760.35,23651.2,23697.95
21-06-17,23638.15,23760.75,23610.2,23708.75
22-06-17,23716.85,23897.85,23694.15,23736.1
23-06-17,23772.3,23786.5,23507.5,23542.75
27-06-17,23636.95,23640.1,23055.75,23216.25
28-06-17,23209.55,23322.55,23113.65,23235.85
29-06-17,23312.4,23476,23124.35,23227.3
30-06-17,23137.25,23254.1,22996.4,23211.2
03-07-17,23240.35,23330.1,23144.3,23272.8
04-07-17,23325.5,23363.05,23163.7,23214.2
05-07-17,23241.9,23380.35,23205.55,23352.6
06-07-17,23399.5,23540.15,23369.5,23466.65
07-07-17,23463.75,23492.6,23400.6,23449.15
10-07-17,23583.25,23964.8,23289.9,23675.05
11-07-17,23744.55,23744.55,23552.6,23584.6
12-07-17,23623.75,23736.55,23523.65,23695.45
13-07-17,23817.25,23938,23811,23888.65
14-07-17,23949.5,23963.65,23755.95,23937.7
17-07-17,24011.4,24066.1,23913.65,24015.05
18-07-17,23958.15,24147.45,23942.1,24022.05
19-07-17,24069.2,24180.75,24053.7,24152.65
20-07-17,24170.65,24299.6,24170.65,24213.35
21-07-17,24231.4,24289.3,24066.9,24257.05
24-07-17,24307.7,24460.55,24234.65,24420.85
25-07-17,24622.9,24624.65,24450.2,24520.7
26-07-17,24578.15,24720.9,24484.9,24670.7
27-07-17,24857.5,25032.25,24799.4,24922.4
28-07-17,24744.55,24859.75,24651.05,24811.3
31-07-17,24880.6,25168.1,24828.5,25103.65
01-08-17,25152.85,25179.5,25000.9,25122.8
02-08-17,25190.4,25198.8,24926.25,25055.2
03-08-17,25002.85,25005.15,24619.6,24675.05
04-08-17,24629.5,24879.7,24591.8,24827.45
07-08-17,24854.15,24979.35,24844.45,24906.35
08-08-17,24942.2,24966.05,24534.35,24599.5
09-08-17,24519.25,24532.4,24328.1,24374.6
10-08-17,24300.45,24326.9,23822.2,24217.35
11-08-17,23958.25,24191.2,23868.3,23985.75
14-08-17,24051.05,24212.15,24038.15,24115.75
16-08-17,24188.75,24461.2,23947.45,24437.7
17-08-17,24495.2,24496.2,24121.55,24237.25
18-08-17,24125.3,24130.15,23925.95,24074.45
21-08-17,24140.55,24258.95,23882.25,23936.5
22-08-17,24080.6,24127.45,23852.65,23974.45
23-08-17,24084.95,24350,24074.15,24316.8
24-08-17,24374.75,24411.05,24224.85,24274.2
28-08-17,24351.25,24422.45,24301.35,24377.1
29-08-17,24302,24320.95,24103.3,24128.95
30-08-17,24253.05,24384.1,24241.3,24308.7
31-08-17,24354.35,24354.35,24207.7,24318.4
01-09-17,24389.2,24494.35,24319.2,24434
04-09-17,24456.3,24459.35,24156.4,24236.85
05-09-17,24272.6,24388.05,24256.3,24328.3
06-09-17,24192.4,24331.3,24151.1,24279.15
07-09-17,24324.85,24413.1,24246.9,24304.9
08-09-17,24409.5,24419.25,24273,24370.8
11-09-17,24468.5,24735.35,24458.25,24672.25
12-09-17,24779.15,24821.35,24653.6,24784.7
13-09-17,24818.35,24948.8,24737.8,24831.8
14-09-17,24857.25,24994.3,24815.5,24912.25
15-09-17,24840.3,24916.85,24791.55,24844.3
18-09-17,24948.15,25105.35,24941.75,25046.9
19-09-17,25059.75,25103.45,24993,25041.55
20-09-17,24984.65,25052.6,24938.3,24965.05
21-09-17,24934.1,24992.5,24706.45,24799.25
22-09-17,24704.55,24709.7,24340,24368.85
25-09-17,24361.55,24363.8,24015.45,24165.05
26-09-17,24105.6,24236.95,24017.4,24199.15
27-09-17,24308.7,24331.85,23766.6,23812.95
28-09-17,23804.05,24074.2,23611.1,24008.15
29-09-17,24114,24227.45,24004.8,24053
03-10-17,24200.6,24226.8,24007.25,24103.4
04-10-17,24124.15,24230.45,24058.65,24113.3
05-10-17,24114.75,24188.3,24033.35,24058.05
06-10-17,24083.55,24242.05,24074.35,24190
09-10-17,24209.55,24311.1,24156.05,24251.9
10-10-17,24304.8,24379.75,24273.65,24347.45
11-10-17,24411.45,24460.25,24054.25,24107.45
12-10-17,24151.45,24393.4,23978.4,24361.25
13-10-17,24411.1,24779.75,24387.8,24689.15
16-10-17,24815.4,24878.65,24516.55,24703.05
17-10-17,24697.25,24809.15,24571.85,24645.6
18-10-17,24354.75,24454.65,24270.05,24313.75
19-10-17,24238.4,24255.3,23923.7,24009.75
23-10-17,24085.45,24151,23912.55,24088.9
24-10-17,24141.95,24293.25,24032.65,24222.15
25-10-17,24980.65,25157.8,24560.75,25035.9
26-10-17,24953.95,25186.05,24864.6,25022.2
27-10-17,24887.6,24995.7,24798.65,24839.55
30-10-17,24873.65,25064.85,24808.55,24988.55
31-10-17,25042.1,25078.65,24948.1,25019.35
01-11-17,25197.3,25549.35,25171.75,25490.45
02-11-17,25508.4,25598.75,25405.5,25427.3
03-11-17,25531.4,25695.5,25394.95,25650.7
06-11-17,25569,25694.6,25529.5,25571.15
07-11-17,25669.1,25695.75,25248.95,25300.8
08-11-17,25375.8,25435.6,25119.5,25184.35
09-11-17,25281,25385.2,25166.15,25291.35
10-11-17,25250.9,25598.55,25237.2,25498.95
13-11-17,25570.25,25611.55,25337.25,25358.3
14-11-17,25352.55,25404.8,25223.1,25284.6
15-11-17,25241.65,25318.05,25166.35,25218.9
16-11-17,25292.9,25496.05,25273.7,25446.6
17-11-17,25875.7,25924.9,25679.55,25728.4
20-11-17,25733.7,25803.15,25681.7,25768.6
21-11-17,25829.3,25871.1,25726.5,25757.5
22-11-17,25805.65,25831.95,25665.85,25766.65
23-11-17,25826.3,25838.55,25620.95,25736.25
24-11-17,25776.6,25849,25749.1,25779.65
27-11-17,25693.05,25931.85,25673.5,25891.95
28-11-17,25830.45,25953.5,25795.5,25846.4
29-11-17,25829.65,25877.75,25746.8,25795.7
30-11-17,25693.8,25700.85,25246.85,25332.4
01-12-17,25409.55,25441.35,25152.65,25191.95
04-12-17,25295.05,25297.2,24993.35,25075.1
05-12-17,25030.75,25217.7,24921.3,25124.85
06-12-17,25066.3,25077.45,24813.6,24851.8
07-12-17,24935.3,25097.4,24875.35,25057.25
08-12-17,25145.5,25367.7,25145.5,25321.15
11-12-17,25434.75,25448.85,25318.7,25404.85
12-12-17,25413.4,25416.2,25108.6,25125.45
13-12-17,25118.2,25270.75,24938.55,25000.35
14-12-17,25062.4,25205.9,24888.65,25168.2
15-12-17,25487.15,25559.05,25411.25,25440.3
18-12-17,25181.75,25759.9,24617.15,25594.55
19-12-17,25640.9,25757.95,25619.6,25716.2
20-12-17,25779.05,25780.05,25566.05,25591.7
21-12-17,25608.25,25629.95,25508.9,25554.3
22-12-17,25615.6,25694.5,25560.5,25648.55
26-12-17,25659.75,25712.95,25545.6,25675.25
27-12-17,25652.85,25733.2,25429.55,25496.05
28-12-17,25463.6,25561.95,25417.4,25490
29-12-17,25484.85,25566.4,25450.25,25539.45
01-01-18,25565.75,25588,25271.55,25318.1
02-01-18,25382.2,25425.5,25232.8,25338.25
03-01-18,25425.75,25454.9,25300.9,25318.6
04-01-18,25367.65,25490.35,25310.3,25462.6
05-01-18,25524.45,25643.35,25499.55,25601.85
08-01-18,25690.25,25771.5,25643.8,25676.1
09-01-18,25727.95,25803.8,25617.25,25703.8
10-01-18,25709.9,25717.6,25527.5,25617.3
11-01-18,25628.2,25694.65,25532.25,25660.9
12-01-18,25732.4,25775.15,25557.6,25749.05
15-01-18,25858.15,26091.8,25842.95,26069.2
16-01-18,26129.15,26136.4,25931.7,25974.9
17-01-18,25946.15,26335.85,25922.3,26289.1
18-01-18,26762.25,26887.65,26423.75,26537.4
19-01-18,26615.65,26957.85,26433.55,26909.5
22-01-18,26940.5,27074.9,26841.2,27041.2
23-01-18,27089.95,27422.05,27066.15,27390.6
24-01-18,27310.15,27479.25,27219.45,27398.55
25-01-18,27414.1,27522.85,27151.75,27445.65
29-01-18,27446.1,27652.05,27407.4,27498.45
30-01-18,27466.85,27470.25,27242.05,27269.05
31-01-18,27136.25,27455.75,27116.95,27379.45
01-02-18,27334.85,27613.5,27046.35,27220.7
02-02-18,27017.4,27017.55,26364.05,26451.15
05-02-18,25968.15,26215.1,25917.55,26098.75
06-02-18,25140.1,26140.6,25023.85,25811.3
07-02-18,26065.4,26078.4,25558.05,25670
08-02-18,25759.85,26126.4,25637.4,25920.65
09-02-18,25466.3,25598.3,25371,25463.65
12-02-18,25530.1,25757.85,25485.4,25701.6
14-02-18,25810.25,25810.25,25212.35,25341.25
15-02-18,25360.9,25615.15,25295.15,25424.35
16-02-18,25511.95,25601,25100.9,25163.9
19-02-18,25324.6,25326.05,24824.55,25058.55
20-02-18,25105.55,25158.1,24829,24874.4
21-02-18,24996.6,24999.7,24796.35,24936.7
22-02-18,24812.7,24987.05,24781.7,24955.2
23-02-18,25002.25,25345.15,24962.85,25302.5
26-02-18,25452,25722.15,25381.2,25687.9
27-02-18,25684.6,25723.55,25356.4,25383.6
28-02-18,25116.25,25192.95,24942,25107.4
01-03-18,25022.35,25226.05,24854.4,24902.55
05-03-18,24831.35,24873.05,24682,24818.7
06-03-18,24964.1,25040.25,24362.05,24448.45
07-03-18,24333.85,24373.4,24096.75,24134.1
08-03-18,24273.9,24534.5,24048.55,24477.65
09-03-18,24556.95,24564.75,24259.7,24296.45
12-03-18,24443.6,24716.05,24358.5,24664.2
13-03-18,24624.6,25009.65,24597.55,24738.65
14-03-18,24629.65,24894.3,24487,24851.65
15-03-18,24854.3,24939.85,24732,24791.85
16-03-18,24753.65,24785.35,24439.15,24489.55
19-03-18,24530.15,24588.05,24186.95,24245.1
20-03-18,24133.95,24355.65,24082.95,24168.2
21-03-18,24331.3,24459.75,24208.65,24255.6
22-03-18,24252.95,24314.4,24094.85,24141.5
23-03-18,23785.65,23796.3,23605.6,23670.4
26-03-18,23674.9,24290.65,23657.05,24244.35
27-03-18,24396.4,24496.95,24266.4,24434.15
28-03-18,24299.5,24361,24203.4,24263.35
02-04-18,24235.65,24373.4,24062.95,24328.5
03-04-18,24285.95,24538,24254.35,24510.6
04-04-18,24502.5,24666.3,24087.8,24129.5
05-04-18,24394.45,24824.9,24380.85,24759.8
06-04-18,24776.35,24933.6,24626.4,24873.15
09-04-18,24848.85,25152.85,24828,25093.8
10-04-18,25153.6,25279.9,25120.2,25226.8
11-04-18,25198.35,25207.05,24950.3,25098.25
12-04-18,25076.9,25244.8,24969.4,25195.1
13-04-18,25239.65,25411.3,25076.85,25200.6
16-04-18,25082.1,25348.55,25067.35,25320.85
17-04-18,25383.75,25402.55,25224,25334.45
18-04-18,25426.75,25426.75,25058.75,25102.3
19-04-18,25206.45,25207.3,25049.7,25126.15
20-04-18,25126.8,25126.8,24839.3,24943.85
23-04-18,25065.5,25084.15,24466.1,24960.65
24-04-18,24972.2,25123.45,24955,25042.1
25-04-18,24993.4,24993.4,24734.6,24814.4
26-04-18,24833.2,25064,24753.4,25010.9
27-04-18,25030.15,25441.5,25029.65,25394.6
30-04-18,25490.15,25617.5,25464.8,25531.6
02-05-18,25607.05,25716.75,25499.35,25568.3
03-05-18,25547.9,25653.45,25469.05,25605.25
04-05-18,25632.3,25680.4,25537.7,25645.4
07-05-18,25676.25,25913.5,25675.15,25852.05
08-05-18,26074.15,26116.25,25954.6,26090.5
09-05-18,25988.1,26206.5,25946.3,26154.45
10-05-18,26216.1,26266.4,26057.2,26131
11-05-18,26173.7,26437.25,26099.85,26413.15
14-05-18,26404.45,26565.4,26338.05,26475.15
15-05-18,26494.9,26972.05,26407.3,26474
16-05-18,26269.35,26428.35,26102.15,26182.15
17-05-18,26233.2,26283.55,26012,26073.8
18-05-18,26025.6,26032,25839,25875.6
21-05-18,26017.5,26066.75,25685.35,25750.8
22-05-18,25780.25,25945.65,25701.35,25777.7
23-05-18,25726.95,25903.9,25622.15,25684.95
24-05-18,25722.9,26073.1,25658.4,26016.8
25-05-18,26066.75,26325.55,26031.45,26273.55
28-05-18,26291.65,26713.65,26273.9,26614.25
29-05-18,26567.25,26570.95,26221.1,26254.8
30-05-18,26039.9,26405.45,25980.85,26327.8
31-05-18,26587,27164.55,26354.55,26956.2
01-06-18,26913.4,26996.8,26658.55,26692.8
04-06-18,27023.7,27047.55,26205.9,26257.55
05-06-18,26263,26342.4,26069.55,26251
06-06-18,26266.9,26425.2,26147.8,26367.6
07-06-18,26577.95,26766.95,26483.9,26517.8
08-06-18,26457.25,26481,26284.2,26451.35
11-06-18,26473.2,26653,26421.95,26453.55
12-06-18,26566.6,26656.45,26449.85,26607.1
13-06-18,26721.95,26765.45,26598.2,26642.8
14-06-18,26612.3,26623.25,26503.1,26562.25
15-06-18,26513.7,26586.4,26344.95,26417.4
18-06-18,26444.3,26477.5,26322.45,26409.3
19-06-18,26448.1,26448.1,26224.75,26265.75
20-06-18,26320.45,26574.75,26309.95,26557.7
21-06-18,26645.3,26682.95,26454.95,26496.95
22-06-18,26518.4,26806.55,26364.25,26766.85
25-06-18,26718.15,26804.9,26573,26609.7
26-06-18,26495.65,26712.6,26479.65,26601.7
27-06-18,26616.3,26634.3,26336.5,26423.4
28-06-18,26398.1,26487.85,26161,26324.6
29-06-18,26312.7,26465,26291.35,26364.2
02-07-18,26364.45,26371.6,26060.6,26230.3
03-07-18,26210.1,26316.1,26142,26204.1
04-07-18,26249.25,26480.5,26132.9,26433.95
05-07-18,26481.55,26598.45,26415.2,26503.3
06-07-18,26427.55,26609.85,26410,26493.85
09-07-18,26642.35,26781.2,26611.55,26753.3
10-07-18,26844.55,26939.55,26778.5,26894.55
11-07-18,26900.65,26938.85,26774.6,26816.2
12-07-18,26937.5,27164.8,26936.05,27026.55
13-07-18,27046.85,27102.35,26902.3,26935.95
16-07-18,26914.5,26939.05,26643.95,26679.8
17-07-18,26662.85,27041.35,26653.65,27008.1
18-07-18,27107.35,27187.15,26834.45,26880.9
19-07-18,26960.2,27025.45,26730.1,26789.65
20-07-18,26764.4,26946.55,26718.6,26873.2
23-07-18,26701.3,27040.1,26671.35,27008.15
24-07-18,26984.15,27128,26868.15,26974.4
25-07-18,26992.55,27074,26939.35,27031.3
26-07-18,27054.7,27455.1,27045.05,27406.4
27-07-18,27497.8,27661.05,27455,27634.4
30-07-18,27767.65,27873.7,27607.95,27842.6
31-07-18,27797.2,27839.2,27651.3,27764.15
01-08-18,27684.8,27820.15,27477.9,27596.6
02-08-18,27469.5,27487.9,27327.95,27355.95
03-08-18,27471.95,27723,27448.15,27695.5
06-08-18,27769.55,27994,27766.05,27898.5
07-08-18,27972.95,27988.2,27827.3,27875.9
08-08-18,27930.55,28128.65,27858.75,28062.45
09-08-18,28173.65,28363.4,28132,28320
10-08-18,28348.95,28377.9,28087.65,28124.25
13-08-18,27760.8,27911.85,27739.5,27794.4
14-08-18,27864.4,28053.05,27854.9,28021.7
16-08-18,27836.15,28013.1,27779.5,27826.55
17-08-18,27991.75,28178.15,27953.8,28128.55
20-08-18,28171.65,28322.3,28171.65,28274.25
21-08-18,28295.85,28305.95,28151.9,28257.9
23-08-18,28321.95,28325.45,27965.35,28027.9
24-08-18,27954.25,28122.75,27782.8,27834.7
27-08-18,27971.25,28317.75,27958.2,28264.2
28-08-18,28379.9,28388.65,28152.7,28269.65
29-08-18,28233.4,28344.1,28167.8,28224.1
30-08-18,28233.7,28233.7,27961.75,28103.25
31-08-18,27998,28157.35,27940.95,28061.75
03-09-18,28199.45,28203.2,27777.4,27819.5
04-09-18,27845.55,27875.15,27385.85,27430.75
05-09-18,27409.3,27506.3,27136.05,27376.05
06-09-18,27464.25,27552.8,27246.25,27468.7
07-09-18,27439.25,27512.5,27232.8,27481.45
10-09-18,27395.2,27404.85,27142.55,27201.75
11-09-18,27295.2,27318.45,26772.25,26807.5
12-09-18,26895.15,26895.15,26555.15,26819.2
14-09-18,27059.85,27205.75,26989.8,27163.85
17-09-18,27002.6,27002.6,26743.4,26820.3
18-09-18,26757,26901.05,26407.45,26441.45
19-09-18,26532,26611.6,26235.7,26277.35
21-09-18,26331.05,26490.4,25053.35,25596.9
24-09-18,25645.05,25649.7,24904.5,24970.35
25-09-18,24947.7,25406.95,24678.25,25330.35
26-09-18,25525.1,25525.1,25197.35,25376.3
27-09-18,25442.1,25452.5,25007.05,25042.15
28-09-18,25135.8,25354.7,24919.25,25119.85
01-10-18,24943.9,25412.15,24707.65,25367
03-10-18,25290.55,25470.05,25026.35,25069.9
04-10-18,24735.15,24893.4,24501.05,24819.3
05-10-18,24741.65,25080.2,24250.65,24443.45
08-10-18,24470.75,24745.35,24240.05,24618.35
09-10-18,24703.65,24759.9,24464.9,24527.65
10-10-18,24596.6,25371.15,24559.9,25321.7
11-10-18,24541.75,24940.1,24493.7,24783.95
12-10-18,25001.95,25484.2,24975.45,25395.85
15-10-18,25444,25466.2,25147.8,25388.05
16-10-18,25414.2,25707.05,25351.8,25589.65
17-10-18,25839.1,25915.35,25101.95,25188.6
19-10-18,24966.5,25277.9,24922.65,25085.8
22-10-18,25484.25,25504.75,25021.35,25078.6
23-10-18,24786.9,25124.6,24784.9,24972.45
24-10-18,25312.7,25356.9,24839.65,25064.2
25-10-18,24841.5,24977.35,24696.85,24817.45
26-10-18,24771.85,24771.95,24353.1,24421.05
29-10-18,24647.95,25023.75,24404.55,24959.7
30-10-18,24924.75,25121.5,24686.85,24807.75
31-10-18,24823.8,25201.3,24528.35,25153.25
01-11-18,25285.2,25401.6,25129.45,25323.65
02-11-18,25545.35,25856.25,25499.15,25701.65
05-11-18,25731.55,25788.2,25534.4,25732.2
06-11-18,25747.4,25860.75,25558.35,25598
07-11-18,25818.1,25824.4,25698.1,25737.5
09-11-18,25742.55,25822.75,25598.75,25771
12-11-18,25816.15,25907.2,25495.1,25539.75
13-11-18,25422,25796.5,25384.55,25768.6
14-11-18,25952.4,26045.05,25806.7,25930.15
15-11-18,25946.2,26197.6,25728,26154.75
16-11-18,26205.35,26332.75,26122.55,26245.55
19-11-18,26364.6,26379.1,26204.35,26300.7
20-11-18,26211.5,26259.4,26041.8,26113.35
21-11-18,26105.45,26342.05,26060.55,26262.05
22-11-18,26233.65,26323.95,25947.85,25999.45
26-11-18,26096,26396.6,26025.05,26365.6
27-11-18,26286.1,26491.25,26268.65,26443.1
28-11-18,26489.65,26584.95,26419.65,26457.95
29-11-18,26641.6,27003.75,26577.15,26939.6
30-11-18,27009.3,27012.7,26764.9,26862.95
03-12-18,27032.9,27037.1,26791.65,26857.55
04-12-18,26809.5,26843.8,26644.75,26693.8
05-12-18,26572.1,26627.35,26443.65,26519.6
06-12-18,26339.1,26359.9,26149.45,26198.3
07-12-18,26307.4,26659.7,26252.1,26594.3
10-12-18,26073.65,26336.2,26072,26102.65
11-12-18,25602.25,26227.9,25598.95,26163.4
12-12-18,26286.25,26672.7,26214.75,26643.85
13-12-18,26844.15,26951.45,26723.65,26816.35
14-12-18,26810.85,26909,26732.7,26826
17-12-18,26915.45,27051.4,26908.6,27015.8
18-12-18,26917.3,27210.05,26840.8,27174.7
19-12-18,27229.05,27364.35,27214.3,27298.4
20-12-18,27128.65,27309.1,27084.5,27275.1
21-12-18,27261.25,27369.1,26823.1,26869.65
24-12-18,26877.05,26934.85,26676.95,26714.75
26-12-18,26634,27029.15,26408.15,26986.8
27-12-18,27200.65,27239.95,26845.1,26878.55
28-12-18,27048.4,27213.45,27039.6,27125.25
31-12-18,27267.8,27286.5,27105,27160.2
01-01-19,27231.4,27430.55,27019.05,27392.4
02-01-19,27297,27397.55,27077.6,27174.7
03-01-19,27181.6,27206.2,26923.75,26959.85
04-01-19,26999.7,27274.5,26926.1,27195
07-01-19,27378.65,27477.8,27279.55,27304.55
08-01-19,27301.9,27542.4,27161.95,27509.5
09-01-19,27651.25,27754.45,27409.5,27720.4
10-01-19,27713.55,27713.55,27488.2,27528.55
11-01-19,27602.8,27612.45,27382.45,27453.9
14-01-19,27389.2,27389.8,27182.2,27248.25
15-01-19,27317.55,27447.55,27317.1,27400.75
16-01-19,27405.65,27554.75,27403.05,27483.7
17-01-19,27568.6,27611.55,27335.15,27528.75
18-01-19,27550.05,27576.45,27410.65,27456.7
21-01-19,27514.55,27622.2,27388.5,27533.6
22-01-19,27526.55,27533.35,27385.4,27482.25
23-01-19,27493.1,27564.7,27189.6,27250.75
24-01-19,27273.5,27342.35,27142.8,27266.4
25-01-19,27261.45,27433.55,27045.2,27115.3
28-01-19,27041.45,27134.2,26587.95,26653.05
29-01-19,26616.25,26743.85,26441.55,26573.4
30-01-19,26789.75,26916.25,26693.7,26825.5
31-01-19,26969.15,27325.05,26891.05,27295.45
01-02-19,27334.55,27533.05,26930.45,27085.95
04-02-19,26974,27243.8,26825.55,27186.6
05-02-19,27226.05,27348.25,27153.2,27271.7
06-02-19,27326.2,27428.65,27294.1,27402.35
07-02-19,27424.1,27589.75,27322.95,27387.15
08-02-19,27302.65,27482.1,27221.25,27294.4
11-02-19,27240.5,27305.9,27151.55,27227.8
12-02-19,27166.9,27286.65,26988.9,27010.75
13-02-19,27068.85,27108,26839.05,26885.4
14-02-19,26978,27030,26818.05,26970.6
15-02-19,27017.2,27029.95,26635.25,26794.25
18-02-19,26754.6,26829.95,26617.7,26654.25
19-02-19,26666.55,26996.45,26625.6,26684.85
20-02-19,26786,26985.5,26732.65,26955.5
21-02-19,26994.75,27100.9,26973,27052.4
22-02-19,26960.05,26997.35,26847.8,26867.55
25-02-19,26934.2,27197.1,26932.65,27159.25
26-02-19,26853.8,27127.25,26736.6,26952.95
27-02-19,27078.1,27189.45,26719.4,26799.3
28-02-19,26878,26920.5,26762.55,26789.9
01-03-19,26941,27076.55,26928.9,27043.9
05-03-19,27068.15,27580.75,26958.1,27554.05
06-03-19,27618.1,27681.65,27492.05,27625.65
07-03-19,27661,27815.5,27560,27764.6
08-03-19,27686.15,27811.35,27645.4,27761.8
11-03-19,27840.1,28035.6,27791.25,27966.65
12-03-19,28168.2,28488.1,28142.25,28443.7
13-03-19,28480.3,28927.7,28353.65,28884.3
14-03-19,29028.9,29070.35,28819.75,28923.1
15-03-19,29007,29520.7,28990.85,29381.45
18-03-19,29521.6,29812,29361.65,29596.1
19-03-19,29702.6,29799.75,29547.7,29767.85
20-03-19,29769.65,29885.2,29633.5,29832.2
22-03-19,29920.75,30008.1,29508.7,29582.5
25-03-19,29329.4,29329.4,29156.25,29281.2
26-03-19,29300.4,29950.15,29278.5,29882.15
27-03-19,30034.15,30262.55,29790.25,30019.8
28-03-19,30064.8,30496.05,29969.1,30420.55
29-03-19,30480.35,30499.15,30235.9,30426.8
01-04-19,30537.6,30648.1,30218.35,30326.5
02-04-19,30450.1,30452.9,30155.85,30354.25
03-04-19,30440.85,30602.55,30036.25,30093.3
04-04-19,30147.3,30245.7,29809.9,29904.9
05-04-19,30002.85,30174,29850,30084.65
08-04-19,30201.5,30232.05,29716.6,29845.3
09-04-19,29901.5,30165.05,29703.55,30113.85
10-04-19,29916.6,30155.75,29768.1,29803.5
11-04-19,29841.85,29852.25,29640.25,29786.1
12-04-19,29780.55,30000.95,29707,29938.55
15-04-19,29983.5,30163.1,29919.1,30104.25
16-04-19,30236.25,30590.95,30228.2,30531.35
18-04-19,30656.5,30669.8,30142.2,30223.4
22-04-19,30282.5,30289.9,29647.55,29687.95
23-04-19,29761.95,29906.5,29455.45,29479.7
24-04-19,29550.5,29914.85,29435.05,29860.8
25-04-19,29927.05,30057.7,29511.95,29561.35
26-04-19,29764.85,30048.2,29563.15,30013.5
30-04-19,29920.4,29920.4,29550.05,29764.8
02-05-19,29699.8,29919.35,29638.8,29708.6
03-05-19,29811.65,30121.75,29795.1,29954.15
06-05-19,29626.5,29757.4,29528.6,29618.45
07-05-19,29749.55,29835.5,29244.25,29288.2
08-05-19,29261.3,29261.3,28951.35,28994.4
09-05-19,28893.95,29040.3,28784.65,28884.6
10-05-19,28927.6,29202.85,28900.1,29040.5
13-05-19,29026.65,29049.05,28621.1,28659.95
14-05-19,28718.75,29058.3,28582.6,28829.2
15-05-19,28925.45,28983.15,28555.15,28616.45
16-05-19,28625.9,28947.6,28525.45,28855.3
17-05-19,28881.4,29559.45,28856,29450.15
20-05-19,30230.4,30827.85,30111.2,30759.7
21-05-19,30862.1,30926.7,30265.1,30308.4
22-05-19,30410.65,30675.1,30268.6,30526.8
23-05-19,30962.8,31705,30292.35,30409.1
24-05-19,30685.5,31275.4,30564.4,31212.55
27-05-19,31234.9,31700.75,31142.5,31647.65
28-05-19,31711.3,31712.4,31328.6,31597.9
29-05-19,31459.25,31546.75,31257.9,31295.55
30-05-19,31256.85,31619.25,31236.1,31537.1
31-05-19,31678.9,31783.6,30623.05,31375.4
03-06-19,31406.05,31674.6,31284.7,31653.65
04-06-19,31532.9,31752.7,31512.95,31589.05
06-06-19,31523.95,31541.5,30800.8,30857.4
07-06-19,30943.15,31139.6,30627.05,31066.55
10-06-19,31259.2,31367.4,30861.3,31034
11-06-19,31172.25,31399.35,30973.35,31265.45
12-06-19,31219.3,31222.3,30911.45,30965.7
13-06-19,30876.75,31036.9,30638.25,30976.1
14-06-19,30983.45,31032.65,30508.95,30614.35
17-06-19,30652,30684.05,30249.4,30273.25
18-06-19,30299.45,30550.65,30222.85,30351
19-06-19,30526.5,30699.15,30242,30362.1
20-06-19,30390.2,30824.55,30220.7,30781.1
21-06-19,30804.95,30804.95,30541.5,30628.35
24-06-19,30680.95,30783.65,30528,30602.05
25-06-19,30567.65,30913.25,30451.4,30847.05
26-06-19,30809.2,31202.7,30766.65,31162.35
27-06-19,31192.1,31490.6,31158.8,31269.5
28-06-19,31281,31308.9,31060.6,31105.2
01-07-19,31271,31450.35,31246.45,31372.2
02-07-19,31414.65,31431.35,31105.1,31283.3
03-07-19,31347.7,31467.15,31238.5,31382.3
04-07-19,31471,31608.35,31428.05,31471.85
05-07-19,31523.05,31660.75,31323.25,31475.8
08-07-19,31346.85,31370.4,30536.75,30603.85
09-07-19,30533.4,30702.1,30346.7,30569.15
10-07-19,30618.05,30728.35,30428.6,30522.1
11-07-19,30707,30788.05,30565.35,30716.55
12-07-19,30789.75,30870.95,30548.3,30601.45
15-07-19,30688.85,30695.7,30334.2,30445.95
16-07-19,30532.65,30635,30429.9,30570.8
17-07-19,30622.25,30799.7,30568.3,30735.5
18-07-19,30705.8,30769.35,30378.6,30430.6
19-07-19,30515.1,30543.75,29705.75,29770.35
22-07-19,29617.05,29635.15,29194.1,29284.95
23-07-19,29342.45,29365.8,29078.15,29128.1
24-07-19,29085.45,29252.4,28871,28952.25
25-07-19,28981.05,29240.8,28931.05,29043.05
26-07-19,29062.5,29379.1,28994.5,29325.3
29-07-19,29583.45,29592.95,29104.85,29295.9
30-07-19,29434.85,29530.3,28737.8,28791.6
31-07-19,28575.45,28979.75,28529.75,28876
01-08-19,28660.5,28819.7,28047.35,28367.25
02-08-19,28224.25,28544.55,27936.35,28204.95
05-08-19,27841.2,27866.55,27389.5,27648.05
06-08-19,27518.5,28148.4,27503.9,28022.1
07-08-19,28053.85,28175.55,27641.85,27702.05
08-08-19,27840.1,28227.55,27531.05,28110.45
09-08-19,28293.65,28602.75,28251.75,28431.9
13-08-19,28356.8,28358.85,27683.5,27729.1
14-08-19,27885.5,28107.05,27726.65,28019.2
16-08-19,27920.3,28251.05,27720.95,28217
19-08-19,28331.25,28468.9,28146.5,28186.1
20-08-19,28163.55,28215.4,27839.65,27982.45
21-08-19,28021,28098.9,27666.2,27719.05
22-08-19,27690.05,27690.05,26975.55,27034.2
23-08-19,26835.35,27207.3,26560.6,26958.65
26-08-19,27663.95,27995.25,26859.35,27951.35
27-08-19,28106.3,28277.7,27960.8,28126.15
28-08-19,28080.25,28095.55,27634.65,27804.3
29-08-19,27694.95,27719.05,27239.95,27305.2
30-08-19,27407.9,27586.5,27121.95,27427.85
03-09-19,27239.2,27247.05,26742.6,26824.15
04-09-19,26785.95,27278.7,26641.35,27123.85
05-09-19,27086.95,27243.95,26815.4,26919.7
06-09-19,26986.5,27311.05,26950.55,27247.9
09-09-19,27240.35,27565.55,26993.9,27504.65
11-09-19,27639.05,27829.65,27551.65,27776.2
12-09-19,27870.8,28062.3,27764.7,27818.5
13-09-19,27772,28126.85,27573.45,28098.75
16-09-19,27868,28066.7,27798.85,27855
17-09-19,27765.1,27851.4,27047.95,27131.75
18-09-19,27304.7,27414.45,27088.8,27172.65
19-09-19,27175.45,27175.45,26643,26757.65
20-09-19,26878.65,29418.95,26727.55,28981.55
23-09-19,30039.4,30801.3,29776.3,30566.2
24-09-19,30432,30668.1,29889.55,30183.1
25-09-19,30029.05,30067.6,29470.1,29586.05
26-09-19,29640.55,30718.35,29627,30002.6
27-09-19,29974.95,30112.65,29711.35,29876.65
30-09-19,29674.8,29754.4,28943.45,29103.15
01-10-19,29226.15,29526.4,28077.35,28725.5
03-10-19,28606.7,28769.1,28240.8,28414.1
04-10-19,28681.9,28730.3,27653.7,27731.85
07-10-19,27909.9,28185.15,27568.35,27767.55
09-10-19,27901.65,28857.7,27702.05,28785.85
10-10-19,28542.95,28552.75,27914.15,28013.45
11-10-19,28245.55,28604.05,27736.8,28042.5
14-10-19,28238.5,28553.4,28043.25,28181.95
15-10-19,28257.85,28694.85,28186.25,28555.1
16-10-19,28689.45,28759.35,28305.4,28538.8
17-10-19,28596.35,29049.05,28487.95,28989.45
18-10-19,28954.8,29249.5,28864.1,29120.25
22-10-19,29416.25,29690,29231.2,29411.15
23-10-19,29478.85,29643.8,29214.05,29459.6
24-10-19,29604.35,29693.25,28994.2,29107.95
25-10-19,29228.65,29452.1,28923.8,29395.95
27-10-19,29605.4,29644.45,29446.8,29516.3
29-10-19,29527.6,29997.65,29385.45,29873.05
30-10-19,30005.7,30151.1,29753,29987.5
31-10-19,30168.65,30415.65,29987.15,30066.25
01-11-19,30196.15,30409,30028.9,30330.55
04-11-19,30415.9,30607.05,30227.25,30333.1
05-11-19,30403.25,30452.7,30091.35,30219.85
06-11-19,30225.2,30699,30013.65,30609.6
07-11-19,30722.6,30821.35,30462.55,30633.15
08-11-19,30571.3,31108.4,30504.05,30749.4
11-11-19,30664.65,31205.2,30625.8,31115.55
13-11-19,31084.75,31198.5,30488.1,30541.55
14-11-19,30615.8,30789.2,30338.35,30749.95
15-11-19,30912.4,31165.45,30860.7,31008.4
18-11-19,31036.8,31203.55,30901.85,30992.1
19-11-19,31045.15,31298.05,30974.3,31236.25
20-11-19,31292.35,31471.65,31205.55,31353.85
21-11-19,31413.25,31463.15,31243,31349.95
22-11-19,31389.6,31394.2,31055.2,31111.6
25-11-19,31065.1,31591.6,31049.75,31555.9
26-11-19,31692.85,31850.35,31465.85,31718.35
27-11-19,31832.75,31916.8,31734.5,31875.95
28-11-19,31981.7,32157.05,31905.9,32122.95
29-11-19,32074.15,32086.95,31770.8,31946.1
02-12-19,32008.3,32024.1,31720.6,31871.45
03-12-19,31920.1,31936.6,31502.95,31613.35
04-12-19,31549.3,32017.75,31444,31979.3
05-12-19,32083.8,32126.95,31628.3,31712.95
06-12-19,31797.15,31883.7,31250.65,31341.55
09-12-19,31321.4,31537.65,31122.05,31316.65
10-12-19,31386.4,31412.8,31126,31160.35
11-12-19,31151.65,31337.85,30996.4,31256.75
12-12-19,31356.8,31711.45,31352.1,31665.45
13-12-19,31775.55,32105.05,31770.5,32014.25
16-12-19,32159,32186.95,31897.75,31974.2
17-12-19,32082.4,32213.35,31987.35,32140.25
18-12-19,32292.25,32293.65,32017.3,32244.25
19-12-19,32281.65,32328.35,32085.05,32241.45
20-12-19,32266.85,32443.35,32199.45,32384.95
23-12-19,32381,32502.8,32196.85,32339.45
24-12-19,32337.8,32390.35,32246.05,32280.75
26-12-19,32276.15,32314.6,31963.25,31997.7
27-12-19,32142.5,32444.85,32056.25,32412.35
30-12-19,32486.6,32613.1,32248.5,32354.9
31-12-19,32345.95,32345.95,32108.75,32161.65
01-01-20,32237.9,32348,32057.2,32102.9
02-01-20,32133.15,32465.45,32121.4,32443.85
03-01-20,32326.95,32329.8,31960.4,32069.25
06-01-20,31910.45,31914.45,31170.55,31237.15
07-01-20,31598.05,31851.45,31200.9,31399.4
08-01-20,30995.5,31451.85,30899.55,31373.65
09-01-20,31748.25,32172.7,31667.15,32092.4
10-01-20,32215.7,32347.2,31953.4,32097.4
13-01-20,32139.1,32322.65,32074.05,32177.65
14-01-20,32196.45,32196.45,31989.2,32071.65
15-01-20,31994.75,32000.9,31670.35,31824.9
16-01-20,31810.55,31988.9,31692.4,31853.9
17-01-20,31571.65,31773.55,31445.5,31590.65
20-01-20,31923.95,31923.95,31050.95,31080.65
21-01-20,30978.85,31171.25,30858.6,30947.55
22-01-20,31061.6,31149.05,30614,30701.45
23-01-20,30742.2,31087.25,30621.35,31004.05
24-01-20,31040.1,31375.45,30879.05,31241.75
27-01-20,31110.55,31227.05,30808.55,30837.4
28-01-20,30922,31048.45,30656.35,30761.4
29-01-20,30915.1,31082.85,30835.8,30877
30-01-20,30889.25,30909.5,30521.3,30647.4
31-01-20,30950.5,31033.45,30691.8,30833.6
01-02-20,30726.2,30918.6,29753,29820.9
03-02-20,29811.75,30105.8,29612.55,30023.25
04-02-20,30235.3,30776.95,30182.45,30686.7
05-02-20,30761.95,31065.85,30630.85,31001.95
06-02-20,31070.75,31470.65,30917.25,31304.05
07-02-20,31367.05,31368.2,31111.05,31201.95
10-02-20,31248.65,31248.8,30957.2,31058.15
11-02-20,31230.2,31505.95,31225.9,31300.6
12-02-20,31441.15,31588.6,31398.15,31492.9
13-02-20,31586.55,31649.45,31180.6,31230.25
14-02-20,31281.85,31436.65,30776.1,30834.8
17-02-20,30873.85,30998.15,30630.5,30680.7
18-02-20,30661.5,30692.75,30252.45,30562.5
19-02-20,30905,30947.15,30606.15,30838.2
20-02-20,30862.3,31085.3,30702.45,30942.85
24-02-20,30666.35,30702.15,30428,30455.1
25-02-20,30517,30610.7,30329.95,30432.7
26-02-20,30279.95,30515.35,30131.75,30306.85
27-02-20,30270,30271.95,29914.15,30187
28-02-20,29501.55,29564.1,29051.5,29147.15
02-03-20,29701,29791.15,28571.7,28868.4
03-03-20,29012.55,29285.35,28749.55,29177.05
04-03-20,29252.95,29273.65,28125.15,28653.7
05-03-20,28830.3,29134.3,28535.6,28815.35
06-03-20,27649.95,28047.2,27162.3,27801.45
09-03-20,27031.45,27091.6,25923.4,26462.6
11-03-20,26272.75,26791.45,26234.1,26487.8
12-03-20,25175.9,25223.1,23536.35,23971.15
13-03-20,22720.75,25670.75,21351.7,25166.45
16-03-20,24061.6,24074.15,23008.25,23101.15
17-03-20,23348.05,23449.5,22002,22155.15
18-03-20,22411.85,22544.05,20267.95,20580.2
19-03-20,19428.95,21035.05,18675.65,20083.5
20-03-20,19898.3,20924.55,19265,20317.6
23-03-20,18311.3,18895.65,16791.05,16917.65
24-03-20,17705.85,17841.4,16116.25,17107.3
25-03-20,16759.95,18740.2,16635.5,18481.05
26-03-20,18781.85,20409.35,18364.5,19613.9
27-03-20,20801.6,21462.4,19580.1,19969
30-03-20,19254.45,19716.25,18668.7,18782.4
31-03-20,19307.65,19466.3,18792.4,19144
01-04-20,19122.4,19154.75,18042.25,18208.35
03-04-20,18325.05,18326.1,17143.2,17249.3
07-04-20,18454.55,19190.55,17953.75,19062.5
08-04-20,18799.4,20324.1,18482.9,18946.45
09-04-20,19553.15,19988.3,19166.9,19913.6
13-04-20,19854.9,19887.05,19294,19488
15-04-20,20096.35,20184.1,18776.75,19057.05
16-04-20,18957.15,19520.3,18703.45,19400
17-04-20,20394.75,20866.55,19729.3,20681.45
20-04-20,21104.7,21122.1,20444.25,20522.65
21-04-20,19812.05,19891.45,19247.95,19409.35
22-04-20,19306.95,19806.35,19051.95,19701.85
23-04-20,19871.35,20356.5,19584.4,20267.95
24-04-20,19697.65,19950.15,19515.4,19586.65
27-04-20,19870.8,20224.75,19847.65,20081.15
28-04-20,20436.6,20751.3,20260.8,20671.1
29-04-20,20440.4,21348.15,20393.65,21090.2
30-04-20,21589.2,21967,21353.65,21534.5
04-05-20,20514.75,20530.45,19643.6,19743.75
05-05-20,20147.3,20223.15,19212.35,19271.75
06-05-20,19302.45,19806.6,18941,19694.55
07-05-20,19536.05,19757.25,19332.15,19491.8
08-05-20,19844,19969.6,19285.05,19352.9
11-05-20,19610.45,19733.4,18900.9,18950.5
12-05-20,18751.4,18993.4,18287,18862.85
13-05-20,20017.75,20122.25,19429.9,19634.95
14-05-20,19197.7,19380.1,19024.75,19068.5
15-05-20,19098.8,19119.1,18683.65,18833.95
18-05-20,18795.1,18795.1,17514.2,17573.2
19-05-20,18037.15,18175.3,17390.65,17486.25
20-05-20,17486.5,18002.65,17407.7,17840.2
21-05-20,17901.95,18200.7,17658.55,17735.1
22-05-20,17554.25,17952.25,17105,17278.9
26-05-20,17537.65,17681.7,17311.25,17440.35
27-05-20,17603.4,18874.25,17560.35,18710.55
28-05-20,18924.45,19455.55,18818.95,19169.8
29-05-20,18962,19358.05,18729.9,19297.25
01-06-20,19728.9,20225.35,19632.9,19959.9
02-06-20,20120.6,20615.75,19852.55,20530.2
03-06-20,20966.6,21619.55,20822,20940.7
04-06-20,20932.35,21141.8,20316.2,20390.45
05-06-20,20516.4,21198.7,20425.05,21034.5
08-06-20,21636.1,21807.4,20911.25,21187.35
09-06-20,21295.5,21568.85,20629.7,20724.9
10-06-20,20760.95,21251.45,20671.55,21100.1
11-06-20,21084.7,21244.45,20458.3,20525.15
12-06-20,19529.3,20747.7,19526.1,20654.55
15-06-20,20457.15,20470.85,19740.2,19912.9
16-06-20,20500.65,20638.85,19507.05,20296.7
17-06-20,20137.45,20627.9,19978.15,20201.75
18-06-20,20137.6,21028.35,20030.35,20956.3
19-06-20,20970.1,21467.65,20878.25,21338.1
22-06-20,21491.55,22078.25,21425.55,21708.35
23-06-20,21859.25,22322.3,21647.8,22264.9
24-06-20,22479.35,22479.55,21336.35,21426.8
25-06-20,21218.05,21703.5,20926.45,21506.15
26-06-20,21735.05,21784.65,21320.1,21592.05
29-06-20,21291.55,21440.05,21026.45,21359
30-06-20,21524.3,21650.5,21212,21370.15
01-07-20,21354.1,22061.6,21281.85,21977.6
02-07-20,22133.8,22344.85,21890.5,21953.2
03-07-20,22101.75,22130.3,21768,21852.4
06-07-20,22270.95,22399.25,22171.05,22198.95
07-07-20,22254.3,22674.5,22040.35,22628
08-07-20,22700.9,23080.6,22499.5,22584.65
09-07-20,22753.15,22998.3,22673.4,22907.2
10-07-20,22720.95,22835.2,22320.05,22398.45
13-07-20,22613.25,22657.4,21981.65,22089.25
14-07-20,21877.6,21909.7,21222.45,21392.2
15-07-20,21634.25,21935.5,21230.55,21340.75
16-07-20,21453.25,21671.25,21027.85,21597.15
17-07-20,21608.05,22065,21550.8,21966.8
20-07-20,22307.3,22520.45,22187.8,22321.85
21-07-20,22639.85,22861.9,22597.95,22782
22-07-20,23159,23211.35,22658.2,22882.6
23-07-20,22854.85,23122.35,22734.9,23083.9
24-07-20,22853.2,22854.05,22417.2,22662.05
27-07-20,22664.6,22668.05,21801.35,21848.75
28-07-20,21940.15,22233,21611.4,22105.2
29-07-20,22075,22346.4,21906.35,22076.6
30-07-20,22195.05,22252.6,21580.15,21646.85
31-07-20,21730.55,21806.95,21375,21640.05
03-08-20,21543.8,21543.8,21031.45,21072.1
04-08-20,21248.25,21576.35,21057.75,21490.5
05-08-20,21686.85,21936.5,21448.4,21509.95
06-08-20,21644.25,21926.55,21370.3,21642.6
07-08-20,21620.25,21787.25,21451.3,21754
10-08-20,21824.9,22071.95,21795.1,21900.25
11-08-20,22050.2,22277.6,22039.85,22227.2
12-08-20,22135.95,22326.55,21990.2,22264
13-08-20,22395.2,22439.95,22139.6,22196.35
14-08-20,22334.95,22334.95,21459.1,21679.4
17-08-20,21906.95,21909.4,21403.15,21700.85
18-08-20,21702,22227.75,21629.4,22170.6
19-08-20,22315.4,22419.35,22234.25,22285.9
20-08-20,21989.9,22079.9,21886.7,21999.45
21-08-20,22190.7,22344.05,22165.05,22299.6
24-08-20,22436.85,22897.5,22410.05,22833
25-08-20,22973.4,23180.3,22857.9,23092.15
26-08-20,23175.55,23453.4,23093.15,23414.2
27-08-20,23511.45,23704.05,23464.15,23600.35
28-08-20,23635.3,24611.8,23599.2,24523.8
31-08-20,25038.8,25232.6,23385.3,23754.35
01-09-20,23893.8,24199.65,23473.15,23812
02-09-20,23769,23926.15,23482.55,23874.55
03-09-20,23986.15,24051.6,23451.65,23530.85
04-09-20,23119.15,23394.8,22876.9,23011.5
07-09-20,23036.25,23109.1,22716.25,22945.05
08-09-20,22971.2,23064.15,22641.4,22744.4
09-09-20,22486.7,22554.6,22080.4,22267
10-09-20,22466.55,22678.65,22225.25,22466.2
11-09-20,22509.95,22668.75,22205.95,22479.95
14-09-20,22683.35,22757.3,22028.15,22101.25
15-09-20,22202.8,22514.15,22062.35,22465.65
16-09-20,22476.3,22659.4,22216.5,22573.55
17-09-20,22352,22504.45,22267.05,22320.35
18-09-20,22439.35,22469.4,21784.9,22031.05
21-09-20,21983.4,22098.85,21274.3,21366.8
22-09-20,21445.25,21473.35,20958.45,21139.1
23-09-20,21350.8,21365.05,20821,21178.5
24-09-20,20898.8,20955.6,20404.9,20456.85
25-09-20,20740.8,21064.3,20430.7,20982.35
28-09-20,21152.05,21708.85,21055.1,21665.5
29-09-20,21770.9,21811.5,21280.6,21411.3
30-09-20,21405.25,21549.35,21128.5,21451.8
01-10-20,21685.25,22293.75,21664.15,22246
05-10-20,22352.1,22768.55,22247.25,22370.95
06-10-20,22673.05,22893.5,22521.05,22853.7
07-10-20,22836.95,23036.2,22607.8,22964.8
08-10-20,23150.25,23450.9,23063.6,23191.35
09-10-20,23312.6,23904.1,23132.45,23846.8
12-10-20,23955.6,24190.35,23552.6,23712.8
13-10-20,23663.05,23775.15,23431.5,23492.2
14-10-20,23353.15,23962.7,23149.45,23874.65
15-10-20,23920.35,24087.85,22970.95,23072.4
16-10-20,23219.85,23646.2,23148.95,23533.25
19-10-20,23902.9,24320.95,23754.85,24266.75
20-10-20,24117.35,24410.9,24039.85,24311.8
21-10-20,24444.2,24823.6,24099.85,24635.05
22-10-20,24447.35,24691.15,24250.2,24484.15
23-10-20,24669.2,24764.15,24360.85,24478.3
26-10-20,24525.8,24577.3,23867.75,24075.45
27-10-20,24288.05,24809.65,23924.2,24769.5
28-10-20,24737.85,24780.7,24057.95,24232.5
29-10-20,24063.5,24339.1,23822.05,24092
30-10-20,24090.15,24277.35,23612.7,23900.9
02-11-20,24367.6,25139,24120.6,24892.5
03-11-20,25108,25760.7,25085.7,25682.8
04-11-20,25539.55,25891,25142,25771.6
05-11-20,26174.8,26375.2,26000.05,26313.1
06-11-20,26274.1,26853.45,26135.3,26798.95
09-11-20,27088.95,27595,27068.95,27534.1
10-11-20,28039.45,28802.5,27916.9,28606
11-11-20,28713.15,29030.9,28211.1,28845
12-11-20,28633.75,28672.9,28066.05,28278.8
13-11-20,28108.7,28520.55,27703.3,28465.7
14-11-20,28685.7,28752.45,28431.85,28594.3
17-11-20,28792.25,29239.25,28722.9,29181.3
18-11-20,29107.9,29784.75,29056.75,29749.85
19-11-20,29302.6,29627.2,28819.55,28903.05
20-11-20,28935.75,29406.7,28580.9,29236
23-11-20,29432.8,29492.3,28852.9,29024.2
24-11-20,29265.6,29827.8,29206.75,29737.25
25-11-20,30021.9,30197.85,29132.3,29196.4
26-11-20,29370.4,29623,28923.1,29549.75
27-11-20,29622,29716.85,29368.7,29609.05
01-12-20,29844.8,29919.75,29511,29817.85
02-12-20,29876.7,29886.25,29149.9,29463.15
03-12-20,29728.9,29813,29379.4,29448.75
04-12-20,29573.4,30162.3,29473.5,30052.4
07-12-20,30062.6,30354.2,29950.6,30211.55
08-12-20,30300.3,30363.8,30025.2,30261.9
09-12-20,30335.05,30807.25,30326.7,30709.4
10-12-20,30545.35,30610,30202.1,30510.35
11-12-20,30555.3,30811.8,30328.45,30604.85
14-12-20,30735.15,30845.8,30624.25,30745.9
15-12-20,30805.4,30805.85,30345.75,30691.05
16-12-20,30920.35,30932.25,30587.1,30698.4
17-12-20,30791.2,30945.2,30643.9,30847.05
18-12-20,30841.85,30854.05,30374.5,30714.65
21-12-20,30595.8,30607.5,29201.2,29456.45
22-12-20,29607.5,29711.15,28976.75,29625.95
23-12-20,29560.75,29941.4,29446,29883.3
24-12-20,30071.65,30545.85,30007.8,30402.2
28-12-20,30558.85,30929.05,30538.15,30880.95
29-12-20,31006.9,31359.35,31002.6,31322.5
30-12-20,31479.8,31510.25,31007.15,31303.05
31-12-20,31295.9,31409.5,31088.1,31264.05
01-01-21,31297.3,31384.35,31188.25,31225.85
04-01-21,31485.15,31489.6,30893.65,31212.45
05-01-21,31041.1,31767.65,30935.55,31722.25
06-01-21,31839.95,31982.3,31548.15,31797.9
07-01-21,32129.8,32177.4,31911.5,31956
08-01-21,32298.05,32298.05,32002.95,32084.2
11-01-21,32280.3,32288.45,31836.95,31998.9
12-01-21,31835.05,32397.95,31725.85,32339
13-01-21,32546.6,32683.5,32148.25,32574.65
14-01-21,32526.7,32718.95,32442.35,32519.75
15-01-21,32508.9,32544.8,32044.35,32246.8
18-01-21,32275.15,32441.5,31650.9,31811.75
19-01-21,32082.9,32464.95,31863.95,32424.85
20-01-21,32388.95,32607.45,32322.9,32543.7
21-01-21,32732.8,32842.3,31985.55,32186.9
22-01-21,32088,32131.4,31119.9,31167.25
25-01-21,31507.15,31697.55,31013.65,31198.4
27-01-21,31236.25,31287.05,30165.65,30284.55
28-01-21,29812.3,30464.4,29687.7,30358.3
29-01-21,30700.65,31111.95,30254.55,30565.5
01-02-21,30976.35,33305.3,30906.45,33089.05
02-02-21,33589.05,34652.5,33583.15,34267.9
03-02-21,34555.6,34908.05,34011.9,34758.45
04-02-21,34548.9,35413.15,34238.9,35344.8
05-02-21,35634.95,36615.2,35545,35654.5
08-02-21,36073.85,36466.45,35872.25,35983.65
09-02-21,36058.8,36477.15,35636.85,36056.5
10-02-21,36042.35,36227.2,35428.15,35783.1
11-02-21,35687.25,36009.45,35573.3,35752.1
12-02-21,35736.6,36322.8,35700.25,36108.9
15-02-21,36501.4,37449.9,36405.1,37306.25
16-02-21,37492.6,37708.75,36762.75,37098.4
17-02-21,37041.95,37331.45,36764.25,36910.95
18-02-21,37088.75,37108.75,36367.45,36587
19-02-21,36371.55,36656.2,35584.6,35841.6
22-02-21,35874.3,36128.9,35097.55,35257.2
23-02-21,35540.55,35680.85,34976,35116.95
24-02-21,35205.4,36567.65,35060.65,36452.3
25-02-21,36763.15,37232.2,36494,36549
26-02-21,35806.65,35902.9,34658.7,34803.6
01-03-21,35374.25,35581.1,34983.75,35296
02-03-21,35458.15,35747.05,35002.45,35419.7
03-03-21,35754.45,36455.15,35570.55,36368.05
04-03-21,35575.65,36316.4,35519.25,35802.5
05-03-21,35458.5,35616.05,34893.25,35228.15
08-03-21,35462.45,35827.3,35090.75,35275.75
09-03-21,35705.9,36077.8,35544.95,35865.65
10-03-21,36112.25,36176.9,35764.35,35938.3
12-03-21,36497.35,36497.35,35188.05,35496.65
15-03-21,35544.25,35544.25,34430.65,35182.55
16-03-21,35352,35405.05,34744.6,34804.6
17-03-21,34905.05,35100.5,34126.85,34229.25
18-03-21,34577.5,34759.85,33597.55,33856.8
19-03-21,33590.4,34355.4,33361,34161.6
22-03-21,34088.4,34148.9,33389.15,33603.45
23-03-21,33747.95,34360.05,33622,34184.4
24-03-21,33894.7,33970.65,33203.4,33293.25
25-03-21,33420.75,33550.15,32415.25,33006.45
26-03-21,33605.05,33610.65,33166.1,33318.2
30-03-21,33615.9,33990.8,33564.55,33875.1
31-03-21,33764.8,33773.1,33151.8,33303.9
01-04-21,33588,33949.15,33208.75,33858
05-04-21,33649.15,33697.75,32330.15,32678.85
06-04-21,32915.65,33007.65,32338.4,32501.35
07-04-21,32529.7,33191.7,32141.55,32991.2
08-04-21,33154.2,33306.8,32704.75,32782.85
09-04-21,32636.9,32972.15,32329.95,32448.05
12-04-21,31637.9,31698.05,30520.3,30792
13-04-21,30901.8,31885.45,30722.85,31771.6
15-04-21,31929.1,32187.05,31406.4,32112.85
16-04-21,32161.45,32325.15,31911.9,31977.45
19-04-21,30993.45,31304.3,30405.65,31208.4
20-04-21,31568.95,31731.65,30891,31112.7
22-04-21,30763.5,31834.5,30555.25,31782.6
23-04-21,31490.6,32148.4,31377.15,31722.3
